Programming_and_Software_Development_off,Project_Management_off,Accounting_and_Finance_off,Marketing_and_Advertising_off,Sales_and_Customer_Service_off,Human_Resources_and_Leadership_off,Graphic_Design_and_Illustration_off,Photography_and_Photo_Editing_off,Music_instruments_Composition_and_Production_off,Writing_and_Editing_off,Arts_and_Crafts_and_DIY_Projects_off,Learning_Foreign_Languages_off,Written_and_Oral_Communication_in_Various_Languages_off,Interpretation_and_Translation_off,Computer_and_Software_Application_Operation_off,Network_Administration_and_IT_Support_off,Electronics_and_Robotics_off,Web_Design_and_Development_off,Data_Analysis_and_Visualization_off,Interpersonal_Communication_off,Conflict_Resolution_and_Mediation_off,Empathy_and_Emotional_Intelligence_off,Leadership_Skills_and_Teamwork_off,Networking_and_Relationship_Management_off,Cooking_and_Baking_off,Gardening_and_Farming_off,DIY_and_Repairs_off,Driving_and_Vehicle_Maintenance_off,First_Aid_and_Life_Saving_Techniques_off,Mathematics_and_Sciences_off,History_and_Social_Sciences_off,Literature_and_Philosophy_off,Research_Methods_and_Academic_Writing_off,Academic_Reading_and_Critique_off,Time_Management_and_Organization_off,Stress_Management_and_Mindfulness_off,Financial_Planning_and_Budgeting_off,Self_Defense_and_Personal_Safety_off,Healthcare_and_Nutrition_off
,,,,,,,,,,,,,,,,,,,Novice,Expert,Intermediate,Beginner,Novice,,,,,,,,,,,,,,,
,,,,,,,,,,,Expert,Intermediate,Advanced,,,,,,,,,,,,,,,,,,,,,,,,,
,,,,,,,,,,,,,,,,,,,Expert,Novice,Advanced,Beginner,Advanced,,,,,,Intermediate,Intermediate,Intermediate,Intermediate,Beginner,Novice,Novice,Intermediate,Advanced,Novice
,,,,,,,,,,,,,,,,,,,,,,,,,,,,,Novice,Advanced,Expert,Intermediate,Intermediate,,,,,
Novice,Intermediate,Expert,Intermediate,Intermediate,Novice,,,,,,,,,Advanced,Intermediate,Expert,Expert,Novice,,,,,,,,,,,,,,,,,,,,
,,,,,,,,,,,,,,,,,,,,,,,,Intermediate,Intermediate,Beginner,Intermediate,Novice,Novice,Expert,Novice,Novice,Intermediate,,,,,
,,,,,,,,,,,,,,,,,,,,,,,,Expert,Novice,Beginner,Novice,Novice,Intermediate,Beginner,Beginner,Beginner,Expert,,,,,
,,,,,,,,,,,,,,,,,,,,,,,,,,,,,Advanced,Intermediate,Beginner,Expert,Novice,,,,,
,,,,,,,,,,,,,,Novice,Novice,Novice,Expert,Novice,Advanced,Intermediate,Expert,Advanced,Advanced,Advanced,Novice,Novice,Expert,Novice,,,,,,,,,,
,,,,,,,,,,,,,,,,,,,,,,,,Intermediate,Intermediate,Expert,Novice,Beginner,,,,,,,,,,
Expert,Novice,Advanced,Beginner,Beginner,Novice,Novice,Novice,Intermediate,Beginner,Intermediate,,,,,,,,,,,,,,,,,,,,,,,,,,,,
,,,,,,Advanced,Expert,Novice,Expert,Advanced,,,,,,,,,,,,,,,,,,,Novice,Beginner,Expert,Novice,Advanced,,,,,
,,,,,,,,,,,Intermediate,Intermediate,Expert,,,,,,Novice,Beginner,Advanced,Intermediate,Expert,,,,,,,,,,,,,,,
Novice,Intermediate,Expert,Beginner,Advanced,Beginner,Novice,Intermediate,Beginner,Novice,Novice,Novice,Beginner,Novice,,,,,,,,,,,,,,,,,,,,,,,,,
,,,,,,,,,,,,,,,,,,,,,,,,Novice,Novice,Novice,Intermediate,Novice,,,,,,Advanced,Expert,Novice,Beginner,Novice
,,,,,,Advanced,Novice,Beginner,Expert,Intermediate,,,,,,,,,Novice,Novice,Novice,Beginner,Novice,Beginner,Novice,Beginner,Novice,Beginner,,,,,,,,,,
,,,,,,,,,,,,,,,,,,,,,,,,,,,,,Beginner,Advanced,Expert,Beginner,Beginner,,,,,
,,,,,,,,,,,,,,,,,,,Novice,Expert,Novice,Novice,Novice,,,,,,,,,,,,,,,
,,,,,,,,,,,Expert,Novice,Novice,,,,,,,,,,,,,,,,,,,,,,,,,
,,,,,,,,,,,,,,,,,,,,,,,,,,,,,Advanced,Expert,Beginner,Novice,Novice,Intermediate,Beginner,Novice,Expert,Expert
,,,,,,,,,,,Expert,Expert,Advanced,,,,,,,,,,,,,,,,Intermediate,Beginner,Beginner,Intermediate,Beginner,,,,,
Beginner,Intermediate,Beginner,Expert,Novice,Intermediate,,,,,,,,,Novice,Novice,Novice,Novice,Novice,,,,,,,,,,,Novice,Novice,Novice,Expert,Novice,,,,,
,,,,,,,,,,,,,,Advanced,Beginner,Novice,Intermediate,Expert,,,,,,,,,,,,,,,,,,,,
Beginner,Novice,Advanced,Expert,Beginner,Advanced,,,,,,,,,,,,,,,,,,,,,,,,,,,,,,,,,
,,,,,,,,,,,,,,,,,,,,,,,,Intermediate,Novice,Intermediate,Expert,Novice,,,,,,,,,,
,,,,,,,,,,,Beginner,Beginner,Novice,Novice,Expert,Intermediate,Beginner,Beginner,Novice,Beginner,Novice,Expert,Intermediate,,,,,,,,,,,,,,,
,,,,,,,,,,,,,,,,,,,Expert,Beginner,Advanced,Novice,Advanced,,,,,,,,,,,,,,,
Beginner,Beginner,Intermediate,Novice,Expert,Novice,,,,,,Novice,Beginner,Beginner,Novice,Novice,Beginner,Novice,Expert,,,,,,,,,,,,,,,,,,,,
,,,,,,,,,,,,,,,,,,,,,,,,Beginner,Beginner,Novice,Novice,Novice,,,,,,Intermediate,Beginner,Expert,Novice,Intermediate
,,,,,,,,,,,,,,Intermediate,Novice,Intermediate,Novice,Beginner,Novice,Expert,Novice,Novice,Novice,,,,,,,,,,,,,,,
,,,,,,,,,,,,,,,,,,,,,,,,Expert,Novice,Beginner,Expert,Advanced,,,,,,Beginner,Beginner,Beginner,Intermediate,Beginner
Novice,Intermediate,Novice,Advanced,Beginner,Novice,,,,,,Expert,Novice,Beginner,Beginner,Novice,Advanced,Advanced,Novice,,,,,,,,,,,,,,,,,,,,
,,,,,,,,,,,Beginner,Expert,Advanced,Beginner,Novice,Novice,Expert,Novice,,,,,,,,,,,,,,,,,,,,
Novice,Intermediate,Intermediate,Beginner,Expert,Novice,,,,,,Intermediate,Expert,Novice,,,,,,,,,,,,,,,,,,,,,,,,,
,,,,,,Intermediate,Novice,Expert,Novice,Advanced,,,,,,,,,,,,,,Intermediate,Intermediate,Novice,Novice,Novice,,,,,,Expert,Advanced,Beginner,Novice,Beginner
,,,,,,Expert,Advanced,Expert,Intermediate,Novice,,,,,,,,,,,,,,,,,,,Advanced,Beginner,Novice,Expert,Beginner,,,,,
,,,,,,Beginner,Expert,Beginner,Intermediate,Beginner,,,,Novice,Advanced,Beginner,Advanced,Intermediate,,,,,,Advanced,Intermediate,Intermediate,Novice,Novice,,,,,,,,,,
,,,,,,,,,,,,,,,,,,,Novice,Expert,Intermediate,Novice,Expert,,,,,,Intermediate,Intermediate,Beginner,Beginner,Novice,,,,,
,,,,,,,,,,,Beginner,Expert,Beginner,Beginner,Beginner,Novice,Advanced,Novice,,,,,,,,,,,Intermediate,Beginner,Advanced,Beginner,Expert,,,,,
Intermediate,Advanced,Beginner,Expert,Expert,Novice,,,,,,,,,,,,,,Beginner,Novice,Novice,Intermediate,Intermediate,,,,,,Novice,Novice,Beginner,Novice,Novice,,,,,
,,,,,,Expert,Beginner,Novice,Beginner,Beginner,,,,,,,,,,,,,,,,,,,,,,,,,,,,
,,,,,,,,,,,,,,,,,,,,,,,,,,,,,Beginner,Intermediate,Novice,Expert,Advanced,Novice,Intermediate,Novice,Novice,Novice
,,,,,,,,,,,,,,,,,,,,,,,,Beginner,Expert,Expert,Beginner,Beginner,,,,,,,,,,
,,,,,,Novice,Expert,Advanced,Novice,Novice,,,,,,,,,,,,,,,,,,,,,,,,,,,,
Expert,Intermediate,Advanced,Novice,Novice,Novice,,,,,,,,,Novice,Novice,Novice,Novice,Intermediate,,,,,,,,,,,,,,,,,,,,
,,,,,,Novice,Novice,Beginner,Novice,Expert,,,,,,,,,,,,,,,,,,,,,,,,Beginner,Beginner,Expert,Intermediate,Beginner
,,,,,,Beginner,Novice,Beginner,Beginner,Beginner,,,,,,,,,,,,,,Advanced,Expert,Novice,Novice,Beginner,,,,,,,,,,
,,,,,,,,,,,,,,Advanced,Intermediate,Intermediate,Expert,Intermediate,,,,,,,,,,,,,,,,,,,,
,,,,,,,,,,,,,,,,,,,,,,,,,,,,,Novice,Novice,Advanced,Beginner,Expert,,,,,
,,,,,,Novice,Beginner,Novice,Novice,Novice,,,,,,,,,,,,,,Expert,Novice,Novice,Beginner,Beginner,,,,,,,,,,
,,,,,,Beginner,Novice,Intermediate,Beginner,Advanced,,,,,,,,,,,,,,,,,,,,,,,,Expert,Novice,Beginner,Beginner,Novice
,,,,,,,,,,,Novice,Expert,Beginner,,,,,,,,,,,,,,,,,,,,,Beginner,Novice,Advanced,Expert,Intermediate
,,,,,,,,,,,,,,,,,,,,,,,,,,,,,Beginner,Novice,Advanced,Expert,Beginner,,,,,
Advanced,Intermediate,Beginner,Beginner,Novice,Beginner,Intermediate,Beginner,Expert,Intermediate,Novice,,,,,,,,,,,,,,,,,,,,,,,,,,,,
,,,,,,Beginner,Novice,Beginner,Novice,Beginner,,,,Novice,Novice,Novice,Expert,Novice,Novice,Expert,Novice,Beginner,Novice,,,,,,,,,,,,,,,
Beginner,Expert,Novice,Advanced,Advanced,Beginner,Expert,Beginner,Novice,Novice,Intermediate,,,,,,,,,Intermediate,Expert,Intermediate,Intermediate,Novice,,,,,,,,,,,,,,,
,,,,,,,,,,,,,,,,,,,Advanced,Expert,Novice,Beginner,Beginner,,,,,,,,,,,Novice,Beginner,Intermediate,Novice,Beginner
,,,,,,,,,,,Expert,Beginner,Expert,,,,,,,,,,,,,,,,,,,,,,,,,
,,,,,,Intermediate,Expert,Beginner,Novice,Novice,,,,Beginner,Advanced,Intermediate,Novice,Novice,,,,,,,,,,,,,,,,,,,,
,,,,,,Novice,Beginner,Expert,Novice,Advanced,,,,,,,,,,,,,,,,,,,Beginner,Novice,Advanced,Beginner,Novice,,,,,
,,,,,,,,,,,,,,,,,,,,,,,,Beginner,Intermediate,Novice,Beginner,Novice,,,,,,Novice,Novice,Expert,Intermediate,Expert
Novice,Expert,Beginner,Novice,Advanced,Novice,,,,,,,,,,,,,,,,,,,,,,,,,,,,,,,,,
,,,,,,,,,,,Novice,Intermediate,Expert,,,,,,,,,,,Beginner,Advanced,Intermediate,Novice,Novice,,,,,,,,,,
,,,,,,Advanced,Expert,Beginner,Intermediate,Novice,,,,,,,,,,,,,,,,,,,Advanced,Novice,Expert,Intermediate,Advanced,,,,,
,,,,,,,,,,,,,,,,,,,,,,,,Novice,Expert,Intermediate,Novice,Beginner,,,,,,Novice,Advanced,Beginner,Intermediate,Novice
,,,,,,,,,,,,,,Beginner,Intermediate,Beginner,Expert,Intermediate,,,,,,,,,,,,,,,,,,,,
,,,,,,,,,,,,,,Novice,Novice,Expert,Advanced,Expert,,,,,,,,,,,,,,,,,,,,
,,,,,,,,,,,,,,Beginner,Beginner,Novice,Novice,Expert,,,,,,,,,,,,,,,,,,,,
Advanced,Beginner,Novice,Beginner,Novice,Expert,,,,,,,,,,,,,,,,,,,,,,,,,,,,,,,,,
,,,,,,,,,,,Expert,Novice,Advanced,,,,,,,,,,,,,,,,,,,,,,,,,
,,,,,,,,,,,Expert,Novice,Beginner,,,,,,,,,,,,,,,,,,,,,Beginner,Novice,Novice,Beginner,Novice
,,,,,,,,,,,Intermediate,Intermediate,Novice,,,,,,,,,,,Intermediate,Novice,Expert,Novice,Intermediate,,,,,,,,,,
,,,,,,,,,,,,,,,,,,,,,,,,,,,,,,,,,,Beginner,Novice,Novice,Expert,Novice
Novice,Novice,Intermediate,Beginner,Advanced,Beginner,,,,,,,,,Expert,Advanced,Intermediate,Novice,Beginner,Beginner,Novice,Intermediate,Novice,Intermediate,,,,,,,,,,,,,,,
Novice,Intermediate,Advanced,Expert,Intermediate,Intermediate,,,,,,Beginner,Intermediate,Intermediate,,,,,,,,,,,,,,,,,,,,,,,,,
Novice,Novice,Novice,Intermediate,Novice,Novice,,,,,,Novice,Beginner,Advanced,,,,,,,,,,,,,,,,Novice,Expert,Advanced,Beginner,Intermediate,,,,,
,,,,,,,,,,,,,,Expert,Intermediate,Novice,Novice,Novice,,,,,,,,,,,,,,,,,,,,
,,,,,,,,,,,,,,,,,,,Intermediate,Beginner,Novice,Expert,Expert,,,,,,,,,,,,,,,
Novice,Novice,Novice,Intermediate,Beginner,Novice,Expert,Intermediate,Beginner,Novice,Novice,,,,,,,,,,,,,,Advanced,Novice,Expert,Novice,Expert,,,,,,,,,,
,,,,,,,,,,,Novice,Intermediate,Intermediate,Advanced,Intermediate,Novice,Novice,Expert,,,,,,,,,,,,,,,,,,,,
,,,,,,,,,,,,,,Novice,Beginner,Intermediate,Advanced,Beginner,,,,,,,,,,,Novice,Intermediate,Intermediate,Expert,Beginner,,,,,
,,,,,,Intermediate,Novice,Novice,Intermediate,Intermediate,,,,,,,,,,,,,,,,,,,Novice,Expert,Novice,Expert,Beginner,Expert,Novice,Beginner,Novice,Intermediate
,,,,,,,,,,,,,,,,,,,Beginner,Advanced,Novice,Beginner,Expert,,,,,,,,,,,,,,,
,,,,,,Advanced,Novice,Expert,Beginner,Novice,,,,,,,,,,,,,,,,,,,,,,,,,,,,
Beginner,Beginner,Expert,Intermediate,Advanced,Intermediate,,,,,,,,,,,,,,,,,,,,,,,,,,,,,,,,,
,,,,,,Novice,Novice,Novice,Novice,Expert,,,,,,,,,,,,,,,,,,,,,,,,,,,,
,,,,,,,,,,,Novice,Beginner,Expert,,,,,,,,,,,,,,,,,,,,,,,,,
,,,,,,,,,,,,,,,,,,,,,,,,,,,,,Novice,Beginner,Beginner,Expert,Novice,,,,,
,,,,,,,,,,,Beginner,Intermediate,Advanced,,,,,,,,,,,,,,,,Expert,Expert,Advanced,Intermediate,Novice,Novice,Advanced,Advanced,Intermediate,Novice
,,,,,,,,,,,,,,,,,,,,,,,,,,,,,Novice,Intermediate,Beginner,Advanced,Expert,,,,,
Novice,Novice,Beginner,Novice,Novice,Novice,,,,,,,,,,,,,,Novice,Beginner,Expert,Novice,Novice,,,,,,,,,,,,,,,
Intermediate,Intermediate,Expert,Novice,Intermediate,Novice,,,,,,,,,Intermediate,Beginner,Expert,Novice,Intermediate,,,,,,Intermediate,Novice,Beginner,Novice,Novice,,,,,,,,,,
,,,,,,,,,,,,,,Intermediate,Beginner,Beginner,Novice,Beginner,Novice,Beginner,Expert,Intermediate,Novice,,,,,,Novice,Expert,Beginner,Novice,Beginner,,,,,
,,,,,,Beginner,Expert,Expert,Intermediate,Intermediate,,,,,,,,,,,,,,,,,,,,,,,,,,,,
,,,,,,,,,,,,,,Expert,Advanced,Beginner,Beginner,Intermediate,,,,,,,,,,,,,,,,,,,,
Intermediate,Advanced,Novice,Beginner,Novice,Novice,,,,,,,,,,,,,,,,,,,Novice,Novice,Advanced,Novice,Novice,,,,,,Beginner,Novice,Intermediate,Expert,Novice
,,,,,,,,,,,,,,,,,,,,,,,,,,,,,,,,,,Advanced,Expert,Beginner,Beginner,Intermediate
,,,,,,,,,,,Novice,Beginner,Novice,,,,,,,,,,,,,,,,Advanced,Novice,Beginner,Expert,Beginner,,,,,
,,,,,,Novice,Advanced,Novice,Intermediate,Novice,Novice,Beginner,Novice,,,,,,,,,,,,,,,,Intermediate,Advanced,Beginner,Expert,Intermediate,,,,,
,,,,,,,,,,,Novice,Novice,Beginner,,,,,,Novice,Expert,Novice,Expert,Novice,Advanced,Beginner,Expert,Intermediate,Intermediate,,,,,,,,,,
,,,,,,,,,,,,,,,,,,,Intermediate,Beginner,Beginner,Novice,Novice,,,,,,Beginner,Beginner,Beginner,Novice,Intermediate,Beginner,Intermediate,Expert,Advanced,Novice
Beginner,Beginner,Expert,Novice,Novice,Novice,Intermediate,Intermediate,Novice,Expert,Beginner,Expert,Advanced,Intermediate,,,,,,,,,,,,,,,,,,,,,,,,,
,,,,,,Novice,Novice,Beginner,Advanced,Intermediate,,,,,,,,,Advanced,Novice,Intermediate,Novice,Beginner,,,,,,,,,,,Beginner,Advanced,Intermediate,Expert,Intermediate
,,,,,,,,,,,,,,,,,,,,,,,,,,,,,,,,,,Novice,Intermediate,Beginner,Expert,Novice
Intermediate,Novice,Expert,Beginner,Novice,Beginner,,,,,,,,,,,,,,,,,,,Intermediate,Intermediate,Beginner,Novice,Advanced,Intermediate,Novice,Intermediate,Intermediate,Advanced,,,,,
,,,,,,,,,,,,,,,,,,,,,,,,Novice,Advanced,Intermediate,Novice,Novice,Intermediate,Novice,Expert,Novice,Novice,Beginner,Beginner,Intermediate,Intermediate,Intermediate
Expert,Intermediate,Novice,Beginner,Novice,Expert,,,,,,,,,,,,,,,,,,,,,,,,,,,,,,,,,
,,,,,,,,,,,Novice,Expert,Beginner,,,,,,,,,,,Expert,Intermediate,Novice,Expert,Novice,Advanced,Novice,Intermediate,Expert,Expert,,,,,
,,,,,,,,,,,,,,Novice,Beginner,Novice,Expert,Intermediate,,,,,,,,,,,Novice,Beginner,Expert,Novice,Novice,,,,,
,,,,,,Beginner,Novice,Novice,Expert,Novice,,,,Beginner,Expert,Expert,Beginner,Expert,,,,,,,,,,,,,,,,Novice,Novice,Novice,Beginner,Intermediate
,,,,,,,,,,,Beginner,Expert,Novice,,,,,,,,,,,,,,,,,,,,,,,,,
,,,,,,Expert,Advanced,Expert,Advanced,Novice,,,,Expert,Novice,Novice,Beginner,Novice,,,,,,,,,,,Novice,Novice,Intermediate,Novice,Intermediate,,,,,
,,,,,,,,,,,,,,Novice,Expert,Novice,Novice,Beginner,,,,,,Expert,Novice,Beginner,Beginner,Novice,,,,,,,,,,
,,,,,,Expert,Expert,Intermediate,Novice,Expert,,,,,,,,,Intermediate,Intermediate,Intermediate,Beginner,Beginner,Novice,Advanced,Novice,Novice,Expert,,,,,,,,,,
,,,,,,,,,,,Expert,Advanced,Intermediate,,,,,,,,,,,,,,,,,,,,,,,,,
,,,,,,,,,,,,,,,,,,,,,,,,Advanced,Novice,Expert,Advanced,Beginner,,,,,,,,,,
,,,,,,,,,,,,,,,,,,,Expert,Expert,Novice,Beginner,Intermediate,,,,,,,,,,,,,,,
Expert,Novice,Novice,Novice,Novice,Advanced,,,,,,,,,Advanced,Novice,Intermediate,Novice,Advanced,,,,,,,,,,,,,,,,,,,,
Novice,Novice,Expert,Beginner,Intermediate,Novice,,,,,,,,,Beginner,Advanced,Advanced,Novice,Novice,,,,,,Advanced,Novice,Beginner,Novice,Beginner,,,,,,,,,,
,,,,,,,,,,,,,,,,,,,,,,,,,,,,,Beginner,Beginner,Intermediate,Advanced,Advanced,Intermediate,Expert,Expert,Novice,Novice
,,,,,,,,,,,,,,,,,,,,,,,,Novice,Expert,Advanced,Expert,Novice,Beginner,Novice,Novice,Beginner,Novice,,,,,
,,,,,,,,,,,Intermediate,Novice,Expert,Novice,Beginner,Advanced,Beginner,Beginner,,,,,,Intermediate,Novice,Intermediate,Intermediate,Novice,,,,,,,,,,
Novice,Expert,Expert,Beginner,Novice,Advanced,,,,,,Beginner,Intermediate,Novice,,,,,,,,,,,,,,,,,,,,,,,,,
Novice,Intermediate,Novice,Novice,Novice,Beginner,,,,,,,,,Beginner,Novice,Expert,Novice,Beginner,,,,,,Novice,Beginner,Beginner,Beginner,Novice,,,,,,,,,,
Intermediate,Novice,Expert,Beginner,Beginner,Beginner,Novice,Novice,Intermediate,Novice,Beginner,Intermediate,Intermediate,Expert,,,,,,,,,,,,,,,,,,,,,,,,,
,,,,,,,,,,,Novice,Beginner,Intermediate,Expert,Intermediate,Novice,Expert,Beginner,,,,,,Novice,Expert,Beginner,Beginner,Beginner,,,,,,,,,,
,,,,,,,,,,,,,,,,,,,,,,,,,,,,,Beginner,Expert,Novice,Novice,Intermediate,,,,,
,,,,,,,,,,,Expert,Novice,Novice,,,,,,,,,,,,,,,,Advanced,Beginner,Intermediate,Beginner,Intermediate,,,,,
,,,,,,,,,,,,,,,,,,,Advanced,Novice,Intermediate,Expert,Intermediate,,,,,,,,,,,Novice,Expert,Beginner,Novice,Beginner
,,,,,,,,,,,,,,,,,,,,,,,,Novice,Novice,Intermediate,Beginner,Novice,,,,,,Novice,Novice,Expert,Beginner,Novice
,,,,,,,,,,,Intermediate,Beginner,Expert,Novice,Intermediate,Novice,Expert,Expert,Expert,Novice,Beginner,Intermediate,Novice,,,,,,,,,,,,,,,
,,,,,,,,,,,,,,,,,,,Intermediate,Intermediate,Expert,Expert,Intermediate,,,,,,Intermediate,Advanced,Expert,Novice,Intermediate,,,,,
Novice,Novice,Novice,Intermediate,Beginner,Expert,,,,,,,,,Novice,Advanced,Intermediate,Intermediate,Novice,Beginner,Novice,Expert,Beginner,Intermediate,,,,,,,,,,,,,,,
,,,,,,,,,,,,,,,,,,,Beginner,Beginner,Intermediate,Beginner,Expert,Beginner,Novice,Novice,Novice,Novice,,,,,,Beginner,Intermediate,Beginner,Expert,Novice
,,,,,,,,,,,,,,,,,,,Beginner,Novice,Intermediate,Beginner,Beginner,,,,,,,,,,,Beginner,Beginner,Intermediate,Expert,Expert
,,,,,,,,,,,,,,Intermediate,Novice,Advanced,Novice,Novice,,,,,,,,,,,,,,,,Novice,Novice,Novice,Expert,Expert
Expert,Intermediate,Beginner,Expert,Novice,Beginner,,,,,,Beginner,Novice,Intermediate,,,,,,,,,,,,,,,,,,,,,,,,,
,,,,,,,,,,,,,,,,,,,Expert,Beginner,Novice,Beginner,Novice,,,,,,,,,,,,,,,
,,,,,,,,,,,,,,Beginner,Advanced,Expert,Novice,Expert,Novice,Novice,Beginner,Novice,Novice,,,,,,,,,,,Beginner,Novice,Advanced,Beginner,Novice
,,,,,,,,,,,,,,Intermediate,Novice,Intermediate,Advanced,Expert,,,,,,,,,,,,,,,,,,,,
Expert,Expert,Beginner,Novice,Novice,Intermediate,,,,,,,,,,,,,,,,,,,,,,,,Intermediate,Beginner,Novice,Intermediate,Novice,Expert,Advanced,Intermediate,Intermediate,Beginner
Novice,Novice,Novice,Novice,Novice,Novice,,,,,,,,,Novice,Novice,Novice,Expert,Intermediate,,,,,,Expert,Beginner,Novice,Novice,Intermediate,,,,,,,,,,
Intermediate,Novice,Advanced,Novice,Expert,Beginner,Expert,Beginner,Expert,Advanced,Intermediate,,,,,,,,,,,,,,Novice,Intermediate,Beginner,Novice,Novice,,,,,,,,,,
Expert,Beginner,Novice,Beginner,Expert,Intermediate,,,,,,,,,,,,,,,,,,,,,,,,,,,,,,,,,
,,,,,,,,,,,Novice,Beginner,Novice,,,,,,,,,,,Advanced,Intermediate,Beginner,Beginner,Novice,Novice,Advanced,Expert,Novice,Beginner,,,,,
,,,,,,,,,,,,,,,,,,,Intermediate,Intermediate,Novice,Expert,Beginner,,,,,,,,,,,,,,,
,,,,,,,,,,,Expert,Beginner,Advanced,,,,,,,,,,,,,,,,,,,,,,,,,
,,,,,,Expert,Novice,Beginner,Beginner,Expert,,,,,,,,,,,,,,,,,,,,,,,,,,,,
,,,,,,,,,,,,,,,,,,,,,,,,Beginner,Novice,Novice,Expert,Novice,,,,,,,,,,
,,,,,,,,,,,,,,,,,,,Beginner,Beginner,Expert,Intermediate,Novice,,,,,,Beginner,Novice,Beginner,Beginner,Beginner,,,,,
,,,,,,,,,,,Advanced,Expert,Beginner,,,,,,,,,,,Novice,Expert,Advanced,Beginner,Novice,,,,,,,,,,
,,,,,,,,,,,,,,,,,,,,,,,,,,,,,,,,,,Novice,Expert,Novice,Novice,Novice
,,,,,,,,,,,,,,Beginner,Novice,Expert,Beginner,Beginner,,,,,,,,,,,,,,,,,,,,
,,,,,,,,,,,Expert,Beginner,Novice,,,,,,,,,,,,,,,,,,,,,,,,,
Advanced,Novice,Beginner,Expert,Advanced,Advanced,,,,,,,,,,,,,,,,,,,,,,,,,,,,,Advanced,Novice,Advanced,Advanced,Novice
,,,,,,Novice,Expert,Expert,Expert,Intermediate,,,,,,,,,Novice,Intermediate,Beginner,Intermediate,Beginner,,,,,,,,,,,,,,,
Novice,Intermediate,Intermediate,Novice,Beginner,Expert,,,,,,Novice,Intermediate,Intermediate,,,,,,,,,,,,,,,,,,,,,Intermediate,Intermediate,Expert,Expert,Intermediate
Novice,Novice,Novice,Intermediate,Novice,Intermediate,,,,,,Beginner,Advanced,Intermediate,,,,,,,,,,,,,,,,Expert,Expert,Beginner,Novice,Advanced,,,,,
Intermediate,Advanced,Intermediate,Intermediate,Advanced,Novice,,,,,,,,,,,,,,,,,,,Beginner,Intermediate,Expert,Novice,Novice,,,,,,,,,,
Novice,Intermediate,Beginner,Expert,Beginner,Novice,,,,,,,,,,,,,,,,,,,,,,,,,,,,,Intermediate,Expert,Intermediate,Novice,Expert
,,,,,,Advanced,Novice,Expert,Advanced,Advanced,,,,,,,,,,,,,,,,,,,,,,,,,,,,
,,,,,,Novice,Expert,Beginner,Novice,Novice,,,,,,,,,,,,,,,,,,,,,,,,,,,,
,,,,,,Expert,Expert,Intermediate,Novice,Expert,,,,,,,,,,,,,,,,,,,,,,,,,,,,
,,,,,,,,,,,Expert,Advanced,Beginner,,,,,,,,,,,Intermediate,Expert,Intermediate,Beginner,Novice,,,,,,,,,,
Expert,Advanced,Intermediate,Novice,Intermediate,Beginner,,,,,,,,,,,,,,Novice,Beginner,Advanced,Novice,Expert,,,,,,,,,,,Intermediate,Expert,Intermediate,Novice,Novice
Expert,Beginner,Novice,Beginner,Intermediate,Novice,,,,,,Novice,Expert,Novice,,,,,,,,,,,,,,,,Beginner,Novice,Novice,Advanced,Intermediate,,,,,
,,,,,,Expert,Advanced,Novice,Intermediate,Novice,,,,,,,,,,,,,,,,,,,,,,,,,,,,
,,,,,,,,,,,,,,,,,,,,,,,,,,,,,,,,,,Advanced,Expert,Beginner,Advanced,Beginner
,,,,,,,,,,,,,,,,,,,,,,,,,,,,,Beginner,Beginner,Expert,Intermediate,Novice,,,,,
,,,,,,,,,,,,,,,,,,,,,,,,,,,,,Expert,Novice,Novice,Beginner,Beginner,,,,,
,,,,,,,,,,,,,,,,,,,Novice,Novice,Advanced,Beginner,Beginner,,,,,,,,,,,Intermediate,Novice,Expert,Intermediate,Novice
Beginner,Expert,Novice,Novice,Advanced,Novice,,,,,,,,,Intermediate,Advanced,Expert,Novice,Novice,,,,,,Novice,Beginner,Intermediate,Beginner,Novice,,,,,,,,,,
,,,,,,Advanced,Expert,Expert,Beginner,Beginner,,,,,,,,,,,,,,,,,,,,,,,,,,,,
,,,,,,,,,,,,,,,,,,,,,,,,,,,,,Expert,Beginner,Novice,Novice,Beginner,,,,,
,,,,,,,,,,,,,,,,,,,,,,,,,,,,,Novice,Expert,Advanced,Beginner,Expert,,,,,
Novice,Novice,Intermediate,Novice,Novice,Novice,,,,,,,,,Beginner,Advanced,Novice,Beginner,Expert,,,,,,Intermediate,Novice,Intermediate,Novice,Advanced,,,,,,,,,,
,,,,,,,,,,,Beginner,Novice,Beginner,,,,,,,,,,,,,,,,Novice,Beginner,Intermediate,Expert,Intermediate,Expert,Intermediate,Novice,Intermediate,Beginner
Beginner,Expert,Beginner,Novice,Novice,Novice,,,,,,,,,Novice,Novice,Beginner,Novice,Beginner,,,,,,,,,,,,,,,,,,,,
,,,,,,,,,,,,,,,,,,,Expert,Expert,Expert,Intermediate,Intermediate,,,,,,,,,,,,,,,
Novice,Intermediate,Novice,Expert,Intermediate,Intermediate,,,,,,,,,Beginner,Novice,Beginner,Intermediate,Beginner,,,,,,,,,,,,,,,,Intermediate,Intermediate,Expert,Intermediate,Novice
,,,,,,,,,,,,,,,,,,,,,,,,,,,,,,,,,,Expert,Beginner,Beginner,Intermediate,Beginner
,,,,,,,,,,,Expert,Novice,Novice,,,,,,,,,,,,,,,,,,,,,,,,,
Beginner,Expert,Novice,Novice,Advanced,Novice,,,,,,,,,Beginner,Intermediate,Novice,Advanced,Advanced,,,,,,,,,,,,,,,,,,,,
,,,,,,Novice,Intermediate,Novice,Novice,Expert,Novice,Intermediate,Novice,,,,,,,,,,,,,,,,,,,,,,,,,
,,,,,,,,,,,Expert,Expert,Intermediate,Novice,Novice,Beginner,Novice,Novice,,,,,,,,,,,,,,,,Novice,Advanced,Expert,Novice,Intermediate
,,,,,,,,,,,,,,,,,,,Expert,Novice,Intermediate,Expert,Novice,,,,,,,,,,,,,,,
,,,,,,,,,,,Novice,Expert,Advanced,Novice,Intermediate,Beginner,Novice,Beginner,,,,,,,,,,,,,,,,,,,,
,,,,,,Beginner,Intermediate,Expert,Novice,Beginner,Expert,Advanced,Beginner,,,,,,,,,,,,,,,,Novice,Advanced,Expert,Beginner,Beginner,,,,,
Expert,Beginner,Novice,Beginner,Intermediate,Novice,,,,,,,,,,,,,,,,,,,Beginner,Beginner,Novice,Intermediate,Intermediate,,,,,,Novice,Advanced,Novice,Novice,Expert
,,,,,,,,,,,Advanced,Expert,Novice,,,,,,,,,,,,,,,,,,,,,,,,,
,,,,,,Intermediate,Expert,Expert,Novice,Novice,,,,Intermediate,Intermediate,Advanced,Beginner,Novice,,,,,,,,,,,,,,,,,,,,
,,,,,,,,,,,,,,Beginner,Expert,Expert,Intermediate,Intermediate,,,,,,,,,,,,,,,,,,,,
Novice,Intermediate,Expert,Beginner,Beginner,Novice,,,,,,,,,Beginner,Novice,Novice,Novice,Expert,,,,,,,,,,,,,,,,,,,,
,,,,,,,,,,,,,,,,,,,Intermediate,Intermediate,Beginner,Novice,Intermediate,Novice,Beginner,Intermediate,Expert,Advanced,,,,,,Novice,Intermediate,Advanced,Novice,Intermediate
,,,,,,Novice,Advanced,Intermediate,Novice,Expert,,,,,,,,,,,,,,,,,,,,,,,,,,,,
,,,,,,,,,,,Beginner,Intermediate,Expert,Intermediate,Expert,Novice,Novice,Intermediate,Novice,Novice,Novice,Novice,Intermediate,,,,,,,,,,,,,,,
,,,,,,Expert,Beginner,Intermediate,Beginner,Advanced,,,,,,,,,Intermediate,Intermediate,Novice,Novice,Advanced,,,,,,,,,,,,,,,
,,,,,,,,,,,,,,,,,,,Beginner,Beginner,Novice,Advanced,Expert,,,,,,,,,,,,,,,
Intermediate,Novice,Novice,Novice,Beginner,Intermediate,Expert,Beginner,Intermediate,Beginner,Novice,,,,,,,,,,,,,,,,,,,,,,,,,,,,
,,,,,,,,,,,Expert,Novice,Novice,,,,,,Intermediate,Beginner,Expert,Novice,Intermediate,,,,,,,,,,,,,,,
Expert,Novice,Advanced,Beginner,Advanced,Beginner,,,,,,,,,,,,,,,,,,,,,,,,,,,,,,,,,
,,,,,,Novice,Novice,Novice,Novice,Beginner,,,,Novice,Intermediate,Expert,Novice,Advanced,,,,,,,,,,,Intermediate,Advanced,Intermediate,Novice,Beginner,,,,,
,,,,,,Beginner,Advanced,Novice,Advanced,Beginner,,,,,,,,,Expert,Intermediate,Beginner,Novice,Novice,,,,,,,,,,,,,,,
,,,,,,,,,,,,,,,,,,,Intermediate,Expert,Novice,Beginner,Expert,Novice,Novice,Intermediate,Advanced,Expert,,,,,,,,,,
,,,,,,Beginner,Novice,Novice,Beginner,Novice,,,,Intermediate,Advanced,Intermediate,Novice,Beginner,,,,,,,,,,,,,,,,Novice,Beginner,Novice,Intermediate,Expert
Intermediate,Expert,Novice,Expert,Novice,Beginner,,,,,,,,,,,,,,,,,,,,,,,,,,,,,,,,,
,,,,,,Novice,Novice,Expert,Advanced,Expert,,,,Beginner,Intermediate,Advanced,Beginner,Novice,,,,,,,,,,,,,,,,,,,,
,,,,,,,,,,,,,,,,,,,,,,,,,,,,,,,,,,Beginner,Beginner,Intermediate,Novice,Expert
,,,,,,,,,,,,,,,,,,,Intermediate,Intermediate,Novice,Intermediate,Intermediate,Beginner,Beginner,Beginner,Intermediate,Expert,,,,,,,,,,
,,,,,,,,,,,,,,,,,,,,,,,,,,,,,Advanced,Advanced,Expert,Novice,Novice,,,,,
,,,,,,,,,,,,,,,,,,,,,,,,Novice,Novice,Intermediate,Advanced,Expert,Advanced,Novice,Novice,Beginner,Beginner,,,,,
,,,,,,,,,,,,,,Beginner,Beginner,Novice,Expert,Intermediate,,,,,,,,,,,,,,,,,,,,
,,,,,,,,,,,,,,Novice,Expert,Beginner,Intermediate,Beginner,,,,,,,,,,,,,,,,,,,,
,,,,,,,,,,,Expert,Beginner,Intermediate,,,,,,,,,,,Novice,Beginner,Intermediate,Novice,Novice,,,,,,Novice,Beginner,Novice,Beginner,Intermediate
,,,,,,Intermediate,Beginner,Expert,Advanced,Intermediate,Novice,Novice,Advanced,,,,,,Advanced,Expert,Novice,Beginner,Novice,,,,,,,,,,,,,,,
,,,,,,,,,,,,,,Intermediate,Expert,Beginner,Novice,Beginner,,,,,,,,,,,,,,,,,,,,
,,,,,,Expert,Intermediate,Novice,Novice,Advanced,,,,,,,,,,,,,,Novice,Beginner,Advanced,Advanced,Beginner,,,,,,Novice,Novice,Beginner,Beginner,Expert
Beginner,Novice,Intermediate,Advanced,Expert,Novice,,,,,,Beginner,Novice,Beginner,,,,,,Expert,Novice,Novice,Intermediate,Advanced,,,,,,,,,,,,,,,
,,,,,,,,,,,,,,,,,,,,,,,,,,,,,,,,,,Novice,Expert,Novice,Beginner,Beginner
,,,,,,,,,,,Novice,Beginner,Expert,,,,,,,,,,,Intermediate,Advanced,Advanced,Advanced,Novice,,,,,,Beginner,Intermediate,Novice,Expert,Novice
,,,,,,,,,,,,,,,,,,,,,,,,,,,,,Expert,Intermediate,Advanced,Advanced,Expert,,,,,
,,,,,,,,,,,,,,,,,,,Novice,Expert,Novice,Expert,Novice,,,,,,,,,,,,,,,
Advanced,Intermediate,Novice,Novice,Novice,Advanced,,,,,,,,,,,,,,,,,,,Novice,Intermediate,Beginner,Advanced,Novice,,,,,,Beginner,Expert,Novice,Beginner,Advanced
,,,,,,,,,,,,,,Novice,Intermediate,Novice,Advanced,Beginner,Intermediate,Expert,Novice,Beginner,Beginner,,,,,,,,,,,,,,,
,,,,,,,,,,,,,,Expert,Beginner,Novice,Beginner,Novice,,,,,,,,,,,,,,,,,,,,
Beginner,Intermediate,Beginner,Beginner,Beginner,Expert,Intermediate,Novice,Novice,Intermediate,Beginner,Advanced,Novice,Novice,,,,,,,,,,,,,,,,,,,,,,,,,
,,,,,,,,,,,,,,Intermediate,Advanced,Advanced,Expert,Beginner,Beginner,Novice,Novice,Beginner,Intermediate,,,,,,,,,,,,,,,
Expert,Novice,Beginner,Intermediate,Beginner,Novice,Novice,Novice,Intermediate,Advanced,Novice,,,,,,,,,,,,,,,,,,,,,,,,,,,,
,,,,,,,,,,,Advanced,Beginner,Expert,,,,,,,,,,,,,,,,Intermediate,Beginner,Novice,Intermediate,Intermediate,,,,,
Beginner,Beginner,Expert,Beginner,Novice,Novice,,,,,,,,,,,,,,Novice,Intermediate,Novice,Expert,Beginner,,,,,,,,,,,Novice,Beginner,Novice,Intermediate,Expert
,,,,,,,,,,,,,,,,,,,,,,,,,,,,,Novice,Beginner,Beginner,Expert,Beginner,,,,,
,,,,,,,,,,,,,,,,,,,,,,,,,,,,,Expert,Beginner,Advanced,Novice,Advanced,,,,,
,,,,,,,,,,,,,,,,,,,Novice,Novice,Advanced,Intermediate,Beginner,,,,,,,,,,,Novice,Beginner,Expert,Intermediate,Intermediate
,,,,,,,,,,,Novice,Novice,Novice,,,,,,,,,,,Novice,Beginner,Beginner,Intermediate,Expert,Novice,Expert,Intermediate,Beginner,Expert,,,,,
Intermediate,Beginner,Beginner,Intermediate,Beginner,Intermediate,,,,,,,,,,,,,,Intermediate,Intermediate,Beginner,Intermediate,Novice,Beginner,Expert,Intermediate,Expert,Beginner,,,,,,,,,,
,,,,,,Novice,Novice,Intermediate,Intermediate,Novice,Novice,Novice,Intermediate,,,,,,,,,,,,,,,,Novice,Beginner,Beginner,Intermediate,Expert,,,,,
,,,,,,,,,,,,,,,,,,,,,,,,,,,,,,,,,,Intermediate,Beginner,Advanced,Expert,Intermediate
,,,,,,,,,,,,,,,,,,,,,,,,Intermediate,Beginner,Novice,Novice,Novice,,,,,,Beginner,Novice,Novice,Beginner,Expert
,,,,,,,,,,,,,,,,,,,,,,,,,,,,,,,,,,Novice,Expert,Novice,Advanced,Beginner
,,,,,,,,,,,,,,,,,,,Intermediate,Intermediate,Novice,Beginner,Intermediate,Expert,Novice,Novice,Novice,Intermediate,,,,,,,,,,
,,,,,,Novice,Beginner,Novice,Expert,Novice,,,,,,,,,,,,,,,,,,,,,,,,,,,,
,,,,,,,,,,,Advanced,Intermediate,Intermediate,,,,,,Novice,Beginner,Novice,Advanced,Novice,,,,,,,,,,,Expert,Beginner,Novice,Novice,Beginner
,,,,,,,,,,,,,,Novice,Expert,Expert,Novice,Intermediate,Intermediate,Beginner,Advanced,Intermediate,Novice,,,,,,Novice,Intermediate,Advanced,Advanced,Beginner,,,,,
Beginner,Beginner,Intermediate,Beginner,Novice,Intermediate,,,,,,,,,Advanced,Beginner,Expert,Advanced,Novice,,,,,,,,,,,,,,,,,,,,
,,,,,,,,,,,Advanced,Intermediate,Beginner,,,,,,,,,,,Expert,Novice,Beginner,Beginner,Intermediate,Expert,Expert,Novice,Novice,Beginner,,,,,
,,,,,,,,,,,,,,Expert,Novice,Beginner,Novice,Novice,,,,,,,,,,,,,,,,,,,,
Novice,Intermediate,Novice,Intermediate,Beginner,Advanced,,,,,,Novice,Beginner,Intermediate,,,,,,,,,,,Expert,Novice,Novice,Novice,Novice,,,,,,,,,,
Intermediate,Novice,Expert,Intermediate,Beginner,Advanced,,,,,,,,,,,,,,Intermediate,Novice,Novice,Beginner,Intermediate,,,,,,Intermediate,Novice,Intermediate,Beginner,Beginner,,,,,
,,,,,,,,,,,,,,Novice,Expert,Novice,Intermediate,Novice,,,,,,,,,,,,,,,,,,,,
,,,,,,,,,,,,,,Expert,Novice,Intermediate,Intermediate,Novice,,,,,,,,,,,Expert,Intermediate,Novice,Beginner,Intermediate,,,,,
,,,,,,Beginner,Beginner,Intermediate,Intermediate,Intermediate,,,,,,,,,Novice,Novice,Expert,Novice,Expert,Novice,Beginner,Beginner,Intermediate,Novice,,,,,,,,,,
,,,,,,,,,,,,,,,,,,,Intermediate,Novice,Intermediate,Beginner,Novice,Intermediate,Expert,Novice,Intermediate,Beginner,,,,,,Advanced,Expert,Beginner,Beginner,Intermediate
Expert,Novice,Expert,Novice,Advanced,Intermediate,,,,,,,,,Intermediate,Beginner,Novice,Beginner,Intermediate,Intermediate,Beginner,Advanced,Advanced,Novice,,,,,,,,,,,,,,,
,,,,,,,,,,,Novice,Novice,Expert,,,,,,,,,,,,,,,,,,,,,,,,,
,,,,,,Expert,Expert,Novice,Intermediate,Intermediate,,,,Novice,Novice,Beginner,Advanced,Beginner,,,,,,,,,,,,,,,,Novice,Beginner,Novice,Novice,Novice
,,,,,,,,,,,Beginner,Advanced,Beginner,,,,,,,,,,,,,,,,Novice,Novice,Novice,Advanced,Expert,Novice,Beginner,Intermediate,Novice,Novice
,,,,,,,,,,,Beginner,Advanced,Novice,,,,,,Expert,Beginner,Novice,Novice,Expert,,,,,,,,,,,Novice,Novice,Novice,Beginner,Novice
Novice,Advanced,Expert,Novice,Beginner,Novice,Advanced,Beginner,Novice,Novice,Novice,Intermediate,Advanced,Beginner,,,,,,,,,,,,,,,,,,,,,,,,,
,,,,,,,,,,,,,,,,,,,Beginner,Beginner,Advanced,Expert,Advanced,,,,,,,,,,,,,,,
,,,,,,,,,,,,,,,,,,,,,,,,,,,,,Novice,Expert,Advanced,Expert,Beginner,,,,,
,,,,,,,,,,,,,,,,,,,,,,,,Novice,Intermediate,Novice,Novice,Expert,,,,,,,,,,
Novice,Advanced,Novice,Expert,Beginner,Beginner,,,,,,,,,,,,,,,,,,,,,,,,,,,,,,,,,
Beginner,Novice,Expert,Beginner,Intermediate,Advanced,,,,,,,,,,,,,,,,,,,,,,,,,,,,,,,,,
Novice,Novice,Expert,Expert,Novice,Novice,,,,,,Novice,Expert,Intermediate,Intermediate,Beginner,Advanced,Novice,Beginner,,,,,,,,,,,,,,,,,,,,
,,,,,,Intermediate,Expert,Beginner,Novice,Beginner,,,,,,,,,,,,,,,,,,,,,,,,,,,,
Novice,Advanced,Expert,Novice,Novice,Beginner,,,,,,,,,,,,,,,,,,,Novice,Beginner,Novice,Beginner,Beginner,,,,,,Novice,Advanced,Novice,Intermediate,Expert
,,,,,,Beginner,Novice,Intermediate,Beginner,Beginner,,,,,,,,,,,,,,,,,,,,,,,,Advanced,Intermediate,Expert,Intermediate,Novice
Intermediate,Novice,Intermediate,Expert,Advanced,Novice,,,,,,,,,,,,,,,,,,,,,,,,Beginner,Beginner,Expert,Novice,Intermediate,,,,,
Expert,Advanced,Intermediate,Novice,Intermediate,Beginner,Intermediate,Intermediate,Expert,Intermediate,Novice,,,,,,,,,,,,,,Expert,Beginner,Intermediate,Beginner,Beginner,,,,,,,,,,
,,,,,,Beginner,Beginner,Intermediate,Expert,Beginner,,,,,,,,,,,,,,,,,,,,,,,,,,,,
,,,,,,,,,,,,,,,,,,,Novice,Expert,Beginner,Beginner,Advanced,,,,,,,,,,,,,,,
,,,,,,,,,,,Intermediate,Novice,Novice,,,,,,,,,,,,,,,,Intermediate,Expert,Beginner,Novice,Novice,,,,,
,,,,,,,,,,,,,,,,,,,,,,,,,,,,,,,,,,Novice,Expert,Beginner,Novice,Novice
Advanced,Intermediate,Novice,Novice,Novice,Expert,,,,,,,,,Novice,Expert,Beginner,Novice,Intermediate,,,,,,,,,,,,,,,,,,,,
Novice,Intermediate,Beginner,Advanced,Novice,Expert,,,,,,,,,,,,,,,,,,,,,,,,Novice,Novice,Advanced,Intermediate,Novice,Beginner,Novice,Beginner,Expert,Novice
,,,,,,,,,,,,,,Intermediate,Intermediate,Intermediate,Beginner,Expert,,,,,,,,,,,,,,,,,,,,
,,,,,,,,,,,,,,Expert,Expert,Beginner,Advanced,Novice,,,,,,Beginner,Intermediate,Beginner,Novice,Novice,,,,,,Advanced,Beginner,Intermediate,Beginner,Novice
Novice,Intermediate,Beginner,Intermediate,Novice,Intermediate,,,,,,,,,,,,,,,,,,,,,,,,Novice,Expert,Intermediate,Novice,Beginner,,,,,
Intermediate,Advanced,Beginner,Advanced,Expert,Novice,,,,,,,,,,,,,,,,,,,Novice,Beginner,Expert,Novice,Beginner,,,,,,Advanced,Advanced,Beginner,Advanced,Novice
Intermediate,Novice,Novice,Novice,Expert,Novice,,,,,,,,,Novice,Novice,Intermediate,Novice,Novice,,,,,,,,,,,,,,,,,,,,
,,,,,,,,,,,,,,Intermediate,Beginner,Intermediate,Novice,Novice,,,,,,Novice,Novice,Novice,Beginner,Intermediate,,,,,,Novice,Expert,Beginner,Advanced,Advanced
Novice,Intermediate,Intermediate,Novice,Novice,Beginner,,,,,,,,,,,,,,,,,,,,,,,,Novice,Advanced,Intermediate,Intermediate,Intermediate,Beginner,Novice,Advanced,Expert,Intermediate
,,,,,,,,,,,,,,,,,,,,,,,,,,,,,,,,,,Intermediate,Beginner,Intermediate,Expert,Novice
,,,,,,Novice,Expert,Novice,Novice,Expert,,,,,,,,,,,,,,,,,,,,,,,,,,,,
Novice,Beginner,Advanced,Intermediate,Beginner,Beginner,,,,,,,,,Novice,Advanced,Novice,Beginner,Expert,,,,,,,,,,,,,,,,,,,,
Novice,Intermediate,Novice,Expert,Intermediate,Beginner,,,,,,,,,,,,,,,,,,,Intermediate,Beginner,Beginner,Intermediate,Novice,,,,,,,,,,
,,,,,,,,,,,,,,,,,,,Novice,Expert,Intermediate,Beginner,Beginner,,,,,,,,,,,,,,,
,,,,,,,,,,,,,,,,,,,,,,,,,,,,,,,,,,Advanced,Beginner,Novice,Expert,Novice
,,,,,,,,,,,,,,,,,,,,,,,,,,,,,,,,,,Expert,Expert,Advanced,Novice,Intermediate
,,,,,,Advanced,Novice,Advanced,Expert,Advanced,,,,,,,,,,,,,,,,,,,,,,,,,,,,
,,,,,,,,,,,Novice,Novice,Novice,,,,,,,,,,,,,,,,Novice,Beginner,Expert,Beginner,Advanced,,,,,
,,,,,,,,,,,,,,,,,,,Novice,Beginner,Novice,Expert,Intermediate,,,,,,,,,,,,,,,
Novice,Intermediate,Beginner,Intermediate,Intermediate,Expert,,,,,,,,,,,,,,,,,,,,,,,,,,,,,,,,,
,,,,,,,,,,,Novice,Expert,Beginner,Expert,Advanced,Beginner,Intermediate,Expert,,,,,,,,,,,Novice,Intermediate,Intermediate,Intermediate,Beginner,,,,,
,,,,,,Expert,Novice,Expert,Advanced,Intermediate,Beginner,Novice,Beginner,Beginner,Novice,Intermediate,Intermediate,Novice,,,,,,,,,,,,,,,,,,,,
,,,,,,,,,,,,,,,,,,,,,,,,,,,,,Novice,Novice,Advanced,Advanced,Expert,,,,,
,,,,,,,,,,,,,,Expert,Advanced,Novice,Novice,Advanced,,,,,,,,,,,,,,,,Beginner,Novice,Intermediate,Intermediate,Advanced
Expert,Novice,Advanced,Intermediate,Novice,Advanced,,,,,,,,,,,,,,,,,,,Expert,Beginner,Intermediate,Novice,Intermediate,,,,,,,,,,
,,,,,,,,,,,Advanced,Expert,Novice,,,,,,Beginner,Intermediate,Novice,Intermediate,Advanced,,,,,,,,,,,,,,,
,,,,,,Expert,Advanced,Novice,Intermediate,Novice,,,,,,,,,Novice,Intermediate,Novice,Beginner,Novice,Expert,Intermediate,Expert,Beginner,Beginner,,,,,,,,,,
,,,,,,Novice,Intermediate,Advanced,Novice,Beginner,,,,,,,,,,,,,,Intermediate,Novice,Novice,Expert,Beginner,,,,,,Novice,Advanced,Beginner,Intermediate,Beginner
,,,,,,,,,,,,,,,,,,,,,,,,,,,,,Beginner,Beginner,Intermediate,Expert,Beginner,,,,,
,,,,,,,,,,,Intermediate,Expert,Novice,,,,,,,,,,,,,,,,Intermediate,Beginner,Intermediate,Advanced,Novice,Novice,Novice,Advanced,Intermediate,Beginner
Novice,Beginner,Novice,Expert,Advanced,Beginner,Advanced,Novice,Beginner,Beginner,Novice,,,,,,,,,,,,,,Beginner,Advanced,Novice,Novice,Beginner,,,,,,,,,,
Intermediate,Novice,Novice,Intermediate,Novice,Novice,Advanced,Expert,Intermediate,Beginner,Novice,,,,,,,,,,,,,,,,,,,,,,,,,,,,
,,,,,,Beginner,Expert,Intermediate,Advanced,Beginner,,,,,,,,,,,,,,,,,,,,,,,,,,,,
,,,,,,Novice,Beginner,Novice,Expert,Novice,,,,,,,,,,,,,,Intermediate,Novice,Novice,Beginner,Intermediate,,,,,,,,,,
,,,,,,,,,,,Novice,Expert,Novice,Expert,Intermediate,Expert,Novice,Novice,,,,,,,,,,,,,,,,,,,,
Intermediate,Novice,Novice,Expert,Intermediate,Novice,Novice,Advanced,Novice,Beginner,Novice,,,,,,,,,,,,,,,,,,,Beginner,Beginner,Expert,Advanced,Intermediate,,,,,
,,,,,,Novice,Novice,Novice,Expert,Expert,,,,,,,,,,,,,,Intermediate,Novice,Intermediate,Novice,Novice,,,,,,,,,,
,,,,,,Novice,Novice,Expert,Expert,Novice,,,,,,,,,,,,,,,,,,,Intermediate,Intermediate,Novice,Beginner,Beginner,,,,,
,,,,,,,,,,,,,,Beginner,Intermediate,Intermediate,Novice,Expert,,,,,,,,,,,Novice,Expert,Novice,Beginner,Novice,Novice,Intermediate,Advanced,Beginner,Novice
,,,,,,,,,,,,,,,,,,,Beginner,Expert,Beginner,Novice,Novice,,,,,,,,,,,Intermediate,Beginner,Beginner,Beginner,Beginner
,,,,,,Expert,Beginner,Advanced,Beginner,Expert,,,,,,,,,,,,,,,,,,,,,,,,,,,,
,,,,,,,,,,,,,,,,,,,Expert,Beginner,Beginner,Advanced,Beginner,,,,,,,,,,,,,,,
,,,,,,,,,,,,,,Intermediate,Intermediate,Beginner,Advanced,Novice,,,,,,,,,,,Intermediate,Intermediate,Novice,Intermediate,Novice,Expert,Novice,Novice,Beginner,Beginner
,,,,,,,,,,,,,,,,,,,,,,,,,,,,,,,,,,Beginner,Beginner,Expert,Beginner,Intermediate
Intermediate,Novice,Intermediate,Novice,Beginner,Novice,,,,,,,,,,,,,,Advanced,Expert,Beginner,Novice,Novice,,,,,,,,,,,Advanced,Novice,Novice,Intermediate,Intermediate
,,,,,,,,,,,,,,,,,,,,,,,,Advanced,Novice,Beginner,Novice,Intermediate,,,,,,Beginner,Advanced,Novice,Expert,Intermediate
Expert,Expert,Beginner,Novice,Advanced,Novice,,,,,,,,,,,,,,Novice,Beginner,Novice,Expert,Novice,,,,,,,,,,,,,,,
Novice,Expert,Advanced,Intermediate,Novice,Advanced,,,,,,,,,,,,,,,,,,,,,,,,,,,,,,,,,
,,,,,,,,,,,,,,Intermediate,Expert,Novice,Beginner,Novice,,,,,,,,,,,Beginner,Novice,Advanced,Novice,Beginner,,,,,
,,,,,,,,,,,,,,Intermediate,Novice,Beginner,Expert,Intermediate,,,,,,,,,,,,,,,,,,,,
Beginner,Novice,Novice,Intermediate,Novice,Novice,Expert,Novice,Novice,Intermediate,Beginner,,,,,,,,,,,,,,Advanced,Expert,Advanced,Expert,Novice,,,,,,,,,,
Advanced,Novice,Expert,Advanced,Novice,Novice,,,,,,,,,Novice,Intermediate,Intermediate,Advanced,Novice,,,,,,,,,,,,,,,,,,,,
Advanced,Intermediate,Intermediate,Intermediate,Expert,Novice,,,,,,,,,Novice,Novice,Advanced,Novice,Advanced,,,,,,,,,,,Novice,Novice,Novice,Intermediate,Expert,,,,,
,,,,,,,,,,,,,,,,,,,,,,,,Expert,Novice,Expert,Beginner,Expert,,,,,,,,,,
,,,,,,Advanced,Novice,Expert,Novice,Novice,Beginner,Beginner,Novice,Intermediate,Novice,Novice,Novice,Advanced,,,,,,,,,,,,,,,,,,,,
,,,,,,,,,,,Intermediate,Intermediate,Expert,,,,,,,,,,,,,,,,,,,,,,,,,
Novice,Intermediate,Beginner,Novice,Beginner,Expert,,,,,,Novice,Advanced,Novice,Novice,Intermediate,Beginner,Novice,Beginner,,,,,,,,,,,,,,,,,,,,
Novice,Novice,Novice,Expert,Novice,Advanced,,,,,,,,,,,,,,Novice,Novice,Novice,Advanced,Novice,,,,,,,,,,,,,,,
,,,,,,,,,,,,,,,,,,,,,,,,,,,,,,,,,,Intermediate,Expert,Intermediate,Novice,Beginner
,,,,,,Advanced,Expert,Novice,Novice,Advanced,,,,,,,,,Expert,Novice,Advanced,Novice,Advanced,,,,,,,,,,,,,,,
,,,,,,,,,,,,,,,,,,,Expert,Novice,Novice,Beginner,Beginner,Novice,Expert,Advanced,Novice,Novice,,,,,,,,,,
,,,,,,,,,,,,,,,,,,,,,,,,Novice,Intermediate,Novice,Expert,Beginner,,,,,,,,,,
Novice,Intermediate,Novice,Intermediate,Novice,Beginner,,,,,,,,,,,,,,Beginner,Intermediate,Expert,Beginner,Novice,Intermediate,Beginner,Expert,Advanced,Beginner,,,,,,,,,,
Expert,Advanced,Novice,Novice,Expert,Intermediate,,,,,,,,,Advanced,Beginner,Advanced,Intermediate,Beginner,,,,,,,,,,,,,,,,,,,,
Beginner,Novice,Beginner,Novice,Beginner,Beginner,,,,,,,,,,,,,,Intermediate,Expert,Novice,Beginner,Intermediate,Beginner,Novice,Advanced,Novice,Novice,,,,,,,,,,
,,,,,,,,,,,,,,,,,,,,,,,,,,,,,Intermediate,Novice,Novice,Beginner,Expert,,,,,
,,,,,,Novice,Novice,Intermediate,Expert,Novice,,,,,,,,,,,,,,,,,,,Novice,Beginner,Intermediate,Expert,Beginner,,,,,
,,,,,,,,,,,Expert,Beginner,Novice,,,,,,,,,,,,,,,,,,,,,,,,,
,,,,,,Expert,Intermediate,Novice,Beginner,Beginner,,,,,,,,,,,,,,,,,,,,,,,,Beginner,Intermediate,Beginner,Beginner,Novice
,,,,,,,,,,,,,,,,,,,Novice,Novice,Intermediate,Expert,Expert,,,,,,,,,,,,,,,
,,,,,,,,,,,,,,Novice,Beginner,Expert,Advanced,Intermediate,,,,,,,,,,,,,,,,,,,,
Intermediate,Beginner,Beginner,Novice,Expert,Novice,,,,,,,,,Novice,Expert,Intermediate,Intermediate,Expert,Intermediate,Intermediate,Beginner,Advanced,Intermediate,,,,,,,,,,,,,,,
,,,,,,,,,,,Expert,Intermediate,Beginner,,,,,,,,,,,,,,,,,,,,,,,,,
,,,,,,,,,,,,,,,,,,,Novice,Beginner,Expert,Beginner,Beginner,Expert,Expert,Novice,Novice,Novice,Intermediate,Novice,Intermediate,Novice,Expert,,,,,
,,,,,,Beginner,Beginner,Beginner,Beginner,Novice,Expert,Beginner,Expert,,,,,,,,,,,,,,,,,,,,,,,,,
,,,,,,Novice,Novice,Beginner,Intermediate,Expert,,,,,,,,,,,,,,,,,,,,,,,,,,,,
,,,,,,,,,,,Intermediate,Novice,Novice,,,,,,,,,,,Novice,Novice,Novice,Beginner,Expert,,,,,,Beginner,Beginner,Intermediate,Beginner,Beginner
Expert,Novice,Beginner,Novice,Advanced,Beginner,,,,,,,,,,,,,,Beginner,Intermediate,Novice,Intermediate,Advanced,,,,,,Expert,Novice,Beginner,Novice,Intermediate,,,,,
,,,,,,,,,,,Expert,Novice,Novice,,,,,,,,,,,,,,,,,,,,,,,,,
,,,,,,,,,,,Novice,Intermediate,Novice,,,,,,Beginner,Expert,Advanced,Novice,Novice,Novice,Novice,Novice,Expert,Beginner,,,,,,,,,,
,,,,,,,,,,,,,,Intermediate,Beginner,Intermediate,Novice,Intermediate,,,,,,,,,,,Novice,Advanced,Novice,Expert,Novice,,,,,
Expert,Advanced,Novice,Advanced,Novice,Novice,,,,,,,,,,,,,,,,,,,Advanced,Beginner,Beginner,Beginner,Beginner,Intermediate,Novice,Beginner,Novice,Novice,,,,,
,,,,,,,,,,,,,,,,,,,,,,,,,,,,,Intermediate,Novice,Expert,Novice,Beginner,,,,,
Novice,Intermediate,Intermediate,Beginner,Advanced,Novice,,,,,,Novice,Beginner,Advanced,,,,,,,,,,,,,,,,,,,,,Beginner,Expert,Novice,Advanced,Beginner
,,,,,,Expert,Advanced,Beginner,Intermediate,Beginner,,,,Novice,Beginner,Novice,Advanced,Advanced,Beginner,Beginner,Beginner,Beginner,Novice,,,,,,,,,,,,,,,
,,,,,,,,,,,Expert,Novice,Advanced,,,,,,,,,,,,,,,,,,,,,,,,,
,,,,,,Expert,Novice,Beginner,Beginner,Intermediate,,,,Expert,Novice,Intermediate,Expert,Novice,,,,,,Beginner,Intermediate,Beginner,Intermediate,Novice,,,,,,,,,,
,,,,,,,,,,,Novice,Expert,Beginner,,,,,,,,,,,Intermediate,Intermediate,Advanced,Expert,Intermediate,Intermediate,Beginner,Novice,Novice,Novice,,,,,
,,,,,,,,,,,Intermediate,Beginner,Novice,,,,,,Intermediate,Beginner,Beginner,Novice,Expert,,,,,,,,,,,,,,,
,,,,,,,,,,,,,,Novice,Beginner,Expert,Novice,Intermediate,,,,,,,,,,,,,,,,,,,,
,,,,,,,,,,,,,,Expert,Novice,Beginner,Advanced,Beginner,,,,,,,,,,,,,,,,,,,,
,,,,,,,,,,,,,,Novice,Intermediate,Expert,Expert,Advanced,,,,,,Novice,Intermediate,Novice,Novice,Novice,,,,,,,,,,
,,,,,,Novice,Advanced,Novice,Novice,Novice,Novice,Expert,Intermediate,,,,,,,,,,,,,,,,,,,,,,,,,
Beginner,Expert,Beginner,Novice,Novice,Beginner,,,,,,,,,Expert,Expert,Advanced,Advanced,Advanced,Beginner,Expert,Beginner,Intermediate,Intermediate,,,,,,,,,,,,,,,
,,,,,,,,,,,,,,,,,,,Beginner,Intermediate,Novice,Beginner,Novice,Intermediate,Beginner,Beginner,Intermediate,Intermediate,,,,,,Expert,Novice,Intermediate,Novice,Beginner
,,,,,,,,,,,Intermediate,Beginner,Intermediate,,,,,,Expert,Intermediate,Beginner,Novice,Beginner,,,,,,Novice,Expert,Intermediate,Novice,Beginner,,,,,
Beginner,Beginner,Beginner,Intermediate,Advanced,Novice,Expert,Novice,Beginner,Advanced,Advanced,,,,,,,,,,,,,,Novice,Novice,Novice,Intermediate,Novice,,,,,,,,,,
Novice,Intermediate,Novice,Expert,Novice,Advanced,,,,,,,,,,,,,,Intermediate,Novice,Beginner,Novice,Novice,,,,,,Advanced,Novice,Novice,Intermediate,Novice,,,,,
Novice,Expert,Beginner,Intermediate,Novice,Beginner,Beginner,Intermediate,Expert,Novice,Novice,,,,,,,,,,,,,,,,,,,,,,,,,,,,
,,,,,,,,,,,Beginner,Novice,Intermediate,,,,,,Novice,Novice,Novice,Expert,Novice,Beginner,Novice,Intermediate,Advanced,Beginner,,,,,,,,,,
,,,,,,,,,,,Beginner,Beginner,Beginner,,,,,,,,,,,,,,,,Novice,Novice,Advanced,Intermediate,Novice,Beginner,Expert,Novice,Novice,Beginner
,,,,,,,,,,,,,,,,,,,,,,,,,,,,,Novice,Beginner,Expert,Beginner,Beginner,,,,,
,,,,,,,,,,,,,,Novice,Novice,Intermediate,Advanced,Expert,Novice,Beginner,Advanced,Novice,Expert,,,,,,Novice,Beginner,Beginner,Beginner,Advanced,,,,,
Novice,Novice,Expert,Beginner,Expert,Advanced,,,,,,,,,,,,,,,,,,,Novice,Beginner,Novice,Expert,Novice,Novice,Intermediate,Beginner,Novice,Expert,,,,,
,,,,,,,,,,,,,,Intermediate,Novice,Novice,Novice,Novice,,,,,,,,,,,,,,,,Expert,Beginner,Beginner,Beginner,Expert
Novice,Expert,Beginner,Novice,Novice,Expert,Beginner,Advanced,Novice,Intermediate,Expert,,,,,,,,,,,,,,,,,,,,,,,,,,,,
,,,,,,Beginner,Beginner,Beginner,Beginner,Novice,,,,,,,,,,,,,,,,,,,,,,,,Beginner,Expert,Beginner,Expert,Beginner
Expert,Expert,Novice,Expert,Novice,Novice,,,,,,Intermediate,Advanced,Novice,,,,,,,,,,,,,,,,Beginner,Beginner,Novice,Novice,Beginner,,,,,
,,,,,,,,,,,,,,Advanced,Intermediate,Novice,Beginner,Novice,,,,,,Intermediate,Novice,Advanced,Expert,Novice,,,,,,,,,,
,,,,,,,,,,,,,,Expert,Novice,Novice,Intermediate,Intermediate,,,,,,Novice,Novice,Expert,Beginner,Novice,Beginner,Beginner,Novice,Beginner,Novice,,,,,
,,,,,,,,,,,,,,,,,,,,,,,,,,,,,,,,,,Expert,Novice,Beginner,Beginner,Intermediate
,,,,,,,,,,,,,,,,,,,,,,,,,,,,,,,,,,Novice,Expert,Intermediate,Novice,Beginner
Advanced,Novice,Beginner,Intermediate,Novice,Expert,,,,,,,,,,,,,,,,,,,,,,,,,,,,,,,,,
,,,,,,,,,,,Advanced,Beginner,Intermediate,Intermediate,Novice,Novice,Beginner,Beginner,,,,,,,,,,,Intermediate,Expert,Novice,Intermediate,Intermediate,,,,,
,,,,,,Novice,Advanced,Novice,Advanced,Intermediate,,,,Intermediate,Advanced,Intermediate,Expert,Beginner,Intermediate,Intermediate,Expert,Beginner,Beginner,,,,,,,,,,,,,,,
Beginner,Novice,Novice,Novice,Advanced,Novice,,,,,,,,,,,,,,Novice,Beginner,Novice,Intermediate,Expert,,,,,,,,,,,Novice,Beginner,Expert,Novice,Novice
,,,,,,Novice,Expert,Beginner,Expert,Beginner,,,,,,,,,Novice,Novice,Intermediate,Expert,Intermediate,,,,,,,,,,,,,,,
Expert,Expert,Intermediate,Expert,Advanced,Intermediate,,,,,,,,,,,,,,,,,,,Beginner,Novice,Advanced,Novice,Novice,,,,,,Beginner,Novice,Novice,Beginner,Advanced
,,,,,,,,,,,Beginner,Novice,Expert,,,,,,Beginner,Intermediate,Intermediate,Novice,Intermediate,,,,,,,,,,,Advanced,Advanced,Intermediate,Novice,Novice
,,,,,,,,,,,,,,Novice,Intermediate,Expert,Novice,Beginner,,,,,,,,,,,,,,,,,,,,
,,,,,,,,,,,,,,Intermediate,Expert,Novice,Beginner,Novice,,,,,,Novice,Beginner,Novice,Novice,Intermediate,,,,,,,,,,
Novice,Novice,Novice,Novice,Novice,Novice,,,,,,,,,,,,,,,,,,,,,,,,Novice,Beginner,Novice,Expert,Expert,Novice,Expert,Advanced,Beginner,Novice
,,,,,,,,,,,,,,,,,,,Novice,Beginner,Intermediate,Advanced,Expert,,,,,,,,,,,,,,,
,,,,,,,,,,,Beginner,Novice,Beginner,Novice,Beginner,Intermediate,Novice,Advanced,,,,,,,,,,,Beginner,Advanced,Intermediate,Intermediate,Expert,,,,,
,,,,,,Novice,Intermediate,Intermediate,Expert,Beginner,,,,Novice,Beginner,Expert,Expert,Expert,,,,,,,,,,,,,,,,Expert,Expert,Expert,Novice,Beginner
,,,,,,,,,,,Novice,Intermediate,Intermediate,Beginner,Advanced,Novice,Intermediate,Beginner,,,,,,,,,,,Advanced,Beginner,Beginner,Novice,Expert,,,,,
Novice,Expert,Novice,Advanced,Novice,Intermediate,Beginner,Novice,Expert,Intermediate,Novice,,,,Intermediate,Intermediate,Intermediate,Novice,Novice,,,,,,,,,,,,,,,,,,,,
,,,,,,,,,,,,,,,,,,,Beginner,Advanced,Novice,Novice,Novice,,,,,,,,,,,Advanced,Expert,Beginner,Expert,Beginner
Beginner,Expert,Beginner,Intermediate,Expert,Novice,,,,,,,,,,,,,,,,,,,,,,,,,,,,,,,,,
,,,,,,,,,,,,,,,,,,,Intermediate,Novice,Beginner,Beginner,Beginner,,,,,,,,,,,Novice,Beginner,Expert,Beginner,Novice
,,,,,,,,,,,Intermediate,Expert,Intermediate,,,,,,,,,,,,,,,,,,,,,,,,,
Novice,Expert,Expert,Beginner,Novice,Novice,,,,,,,,,,,,,,Beginner,Novice,Beginner,Novice,Expert,,,,,,Novice,Advanced,Novice,Beginner,Novice,,,,,
Novice,Novice,Beginner,Novice,Expert,Novice,,,,,,,,,Advanced,Beginner,Beginner,Advanced,Advanced,,,,,,,,,,,,,,,,,,,,
,,,,,,,,,,,Novice,Intermediate,Advanced,,,,,,Beginner,Novice,Expert,Advanced,Intermediate,,,,,,,,,,,,,,,
Beginner,Expert,Expert,Advanced,Novice,Intermediate,,,,,,,,,Intermediate,Intermediate,Novice,Novice,Beginner,,,,,,,,,,,,,,,,Novice,Advanced,Expert,Beginner,Advanced
Intermediate,Beginner,Novice,Intermediate,Expert,Novice,,,,,,,,,,,,,,,,,,,,,,,,,,,,,,,,,
,,,,,,,,,,,,,,,,,,,,,,,,,,,,,Expert,Novice,Novice,Novice,Beginner,,,,,
,,,,,,,,,,,Novice,Beginner,Novice,,,,,,,,,,,Novice,Novice,Novice,Novice,Advanced,,,,,,Novice,Expert,Novice,Intermediate,Beginner
Novice,Beginner,Intermediate,Novice,Novice,Expert,,,,,,,,,,,,,,,,,,,,,,,,Beginner,Expert,Novice,Novice,Novice,,,,,
Novice,Advanced,Advanced,Novice,Novice,Novice,Expert,Expert,Novice,Novice,Novice,,,,,,,,,,,,,,,,,,,,,,,,,,,,
Novice,Advanced,Expert,Beginner,Advanced,Expert,,,,,,,,,,,,,,Advanced,Intermediate,Novice,Beginner,Advanced,,,,,,,,,,,,,,,
Novice,Intermediate,Novice,Expert,Novice,Novice,,,,,,,,,,,,,,,,,,,,,,,,,,,,,,,,,
,,,,,,Expert,Beginner,Novice,Advanced,Expert,,,,Beginner,Intermediate,Intermediate,Intermediate,Intermediate,,,,,,,,,,,,,,,,,,,,
Novice,Intermediate,Advanced,Novice,Intermediate,Expert,,,,,,Novice,Beginner,Intermediate,,,,,,,,,,,,,,,,Novice,Novice,Intermediate,Novice,Beginner,,,,,
,,,,,,Advanced,Novice,Expert,Advanced,Intermediate,,,,,,,,,,,,,,Novice,Novice,Beginner,Expert,Beginner,,,,,,,,,,
,,,,,,,,,,,,,,,,,,,Expert,Intermediate,Advanced,Novice,Beginner,,,,,,,,,,,,,,,
,,,,,,,,,,,,,,Intermediate,Expert,Beginner,Novice,Intermediate,,,,,,,,,,,,,,,,,,,,
,,,,,,,,,,,,,,,,,,,,,,,,,,,,,Beginner,Beginner,Novice,Intermediate,Novice,Novice,Advanced,Intermediate,Intermediate,Expert
Expert,Novice,Novice,Intermediate,Intermediate,Novice,,,,,,,,,,,,,,,,,,,,,,,,,,,,,,,,,
,,,,,,,,,,,Expert,Beginner,Novice,Novice,Beginner,Expert,Novice,Beginner,,,,,,,,,,,,,,,,,,,,
,,,,,,,,,,,,,,,,,,,,,,,,,,,,,Intermediate,Novice,Expert,Intermediate,Novice,,,,,
,,,,,,Advanced,Beginner,Expert,Expert,Advanced,,,,,,,,,,,,,,,,,,,,,,,,,,,,
Expert,Novice,Novice,Beginner,Intermediate,Novice,,,,,,Novice,Novice,Novice,,,,,,,,,,,,,,,,,,,,,,,,,
,,,,,,,,,,,Beginner,Expert,Intermediate,,,,,,,,,,,,,,,,Novice,Intermediate,Intermediate,Expert,Intermediate,,,,,
,,,,,,,,,,,Beginner,Novice,Advanced,,,,,,Expert,Novice,Beginner,Beginner,Intermediate,,,,,,,,,,,,,,,
Beginner,Expert,Novice,Advanced,Novice,Novice,Novice,Expert,Novice,Novice,Expert,,,,,,,,,,,,,,,,,,,,,,,,,,,,
Intermediate,Novice,Advanced,Novice,Advanced,Expert,Intermediate,Novice,Advanced,Intermediate,Novice,Intermediate,Novice,Novice,,,,,,,,,,,,,,,,,,,,,,,,,
,,,,,,,,,,,Beginner,Novice,Beginner,,,,,,Novice,Beginner,Beginner,Novice,Expert,,,,,,Beginner,Beginner,Expert,Intermediate,Beginner,,,,,
,,,,,,Beginner,Beginner,Expert,Beginner,Intermediate,,,,Novice,Beginner,Intermediate,Novice,Beginner,,,,,,,,,,,,,,,,Novice,Expert,Beginner,Intermediate,Beginner
,,,,,,Expert,Intermediate,Intermediate,Novice,Novice,,,,,,,,,,,,,,,,,,,,,,,,,,,,
,,,,,,,,,,,Expert,Advanced,Novice,,,,,,,,,,,,,,,,,,,,,,,,,
,,,,,,,,,,,,,,Novice,Beginner,Expert,Beginner,Intermediate,,,,,,,,,,,,,,,,,,,,
,,,,,,,,,,,Intermediate,Beginner,Expert,,,,,,,,,,,,,,,,Novice,Expert,Intermediate,Novice,Beginner,,,,,
,,,,,,,,,,,,,,,,,,,,,,,,,,,,,Intermediate,Novice,Beginner,Novice,Expert,,,,,
,,,,,,,,,,,,,,,,,,,Intermediate,Novice,Expert,Novice,Intermediate,,,,,,,,,,,,,,,
Novice,Novice,Advanced,Novice,Novice,Novice,,,,,,,,,,,,,,Intermediate,Novice,Novice,Novice,Expert,,,,,,,,,,,,,,,
,,,,,,,,,,,Beginner,Beginner,Intermediate,Intermediate,Novice,Expert,Beginner,Advanced,,,,,,Novice,Novice,Intermediate,Intermediate,Intermediate,,,,,,,,,,
Expert,Expert,Novice,Novice,Beginner,Intermediate,,,,,,,,,,,,,,Intermediate,Novice,Novice,Novice,Novice,,,,,,,,,,,,,,,
,,,,,,,,,,,,,,Novice,Novice,Expert,Intermediate,Beginner,,,,,,Novice,Advanced,Novice,Novice,Beginner,,,,,,,,,,
,,,,,,Novice,Novice,Beginner,Intermediate,Advanced,,,,Novice,Intermediate,Advanced,Novice,Intermediate,,,,,,Novice,Expert,Intermediate,Novice,Beginner,,,,,,,,,,
,,,,,,Beginner,Expert,Novice,Novice,Novice,,,,,,,,,Beginner,Beginner,Intermediate,Expert,Intermediate,,,,,,,,,,,,,,,
,,,,,,,,,,,,,,Novice,Novice,Novice,Advanced,Novice,Advanced,Intermediate,Beginner,Advanced,Novice,,,,,,Novice,Expert,Beginner,Novice,Intermediate,,,,,
,,,,,,,,,,,,,,,,,,,,,,,,,,,,,Advanced,Novice,Expert,Novice,Expert,Novice,Beginner,Novice,Beginner,Expert
,,,,,,,,,,,Beginner,Beginner,Novice,,,,,,,,,,,,,,,,Expert,Intermediate,Beginner,Novice,Novice,Intermediate,Advanced,Intermediate,Novice,Novice
,,,,,,Beginner,Intermediate,Expert,Novice,Advanced,,,,Novice,Advanced,Intermediate,Expert,Beginner,,,,,,,,,,,,,,,,,,,,
Intermediate,Intermediate,Beginner,Intermediate,Novice,Novice,,,,,,,,,,,,,,Novice,Expert,Novice,Beginner,Beginner,Novice,Novice,Beginner,Novice,Expert,,,,,,,,,,
Intermediate,Intermediate,Expert,Beginner,Advanced,Beginner,,,,,,,,,,,,,,,,,,,,,,,,,,,,,,,,,
,,,,,,,,,,,,,,Expert,Beginner,Novice,Beginner,Novice,,,,,,,,,,,Advanced,Beginner,Expert,Beginner,Beginner,Expert,Advanced,Beginner,Intermediate,Novice
,,,,,,,,,,,,,,,,,,,,,,,,,,,,,,,,,,Beginner,Beginner,Expert,Novice,Expert
,,,,,,Novice,Intermediate,Expert,Novice,Novice,,,,,,,,,,,,,,,,,,,,,,,,,,,,
,,,,,,Beginner,Beginner,Advanced,Novice,Advanced,,,,,,,,,,,,,,Intermediate,Intermediate,Beginner,Novice,Expert,Advanced,Expert,Novice,Beginner,Advanced,,,,,
Intermediate,Beginner,Beginner,Beginner,Intermediate,Advanced,Intermediate,Intermediate,Novice,Intermediate,Novice,Expert,Novice,Advanced,,,,,,,,,,,,,,,,,,,,,,,,,
,,,,,,,,,,,,,,,,,,,Expert,Novice,Novice,Beginner,Beginner,,,,,,,,,,,,,,,
,,,,,,,,,,,Beginner,Expert,Advanced,Intermediate,Novice,Intermediate,Advanced,Intermediate,,,,,,,,,,,Expert,Intermediate,Beginner,Novice,Novice,,,,,
,,,,,,,,,,,,,,,,,,,Expert,Novice,Intermediate,Beginner,Expert,,,,,,,,,,,Intermediate,Advanced,Novice,Beginner,Expert
,,,,,,,,,,,,,,,,,,,Beginner,Novice,Expert,Novice,Novice,,,,,,Advanced,Intermediate,Advanced,Intermediate,Beginner,,,,,
,,,,,,Expert,Intermediate,Novice,Beginner,Expert,Novice,Novice,Novice,,,,,,Novice,Advanced,Intermediate,Beginner,Novice,,,,,,,,,,,,,,,
,,,,,,Advanced,Expert,Novice,Intermediate,Novice,,,,,,,,,,,,,,,,,,,,,,,,,,,,
,,,,,,,,,,,Beginner,Expert,Expert,,,,,,,,,,,Beginner,Beginner,Novice,Beginner,Intermediate,,,,,,,,,,
Novice,Beginner,Novice,Expert,Beginner,Intermediate,,,,,,,,,,,,,,,,,,,,,,,,,,,,,,,,,
Intermediate,Beginner,Expert,Novice,Expert,Beginner,,,,,,,,,Novice,Beginner,Novice,Beginner,Beginner,,,,,,,,,,,,,,,,,,,,
,,,,,,Beginner,Intermediate,Expert,Novice,Intermediate,,,,,,,,,,,,,,,,,,,,,,,,,,,,
,,,,,,Novice,Expert,Advanced,Novice,Advanced,Beginner,Novice,Novice,,,,,,,,,,,,,,,,,,,,,Advanced,Novice,Beginner,Expert,Novice
,,,,,,,,,,,Novice,Novice,Beginner,,,,,,,,,,,,,,,,Advanced,Beginner,Beginner,Expert,Beginner,,,,,
,,,,,,Novice,Expert,Novice,Advanced,Advanced,Novice,Novice,Beginner,,,,,,,,,,,,,,,,,,,,,,,,,
,,,,,,,,,,,,,,Intermediate,Novice,Advanced,Expert,Intermediate,,,,,,,,,,,Novice,Advanced,Beginner,Beginner,Beginner,Novice,Beginner,Intermediate,Advanced,Advanced
,,,,,,Novice,Beginner,Expert,Intermediate,Novice,,,,Novice,Novice,Novice,Advanced,Beginner,,,,,,,,,,,,,,,,,,,,
Intermediate,Novice,Novice,Beginner,Novice,Novice,Beginner,Beginner,Beginner,Expert,Novice,,,,,,,,,Novice,Intermediate,Advanced,Beginner,Intermediate,,,,,,,,,,,,,,,
Expert,Intermediate,Novice,Advanced,Intermediate,Novice,,,,,,,,,,,,,,,,,,,,,,,,,,,,,,,,,
Intermediate,Beginner,Novice,Beginner,Beginner,Intermediate,,,,,,,,,,,,,,Novice,Novice,Novice,Advanced,Expert,,,,,,,,,,,,,,,
,,,,,,Beginner,Intermediate,Expert,Novice,Expert,,,,Advanced,Novice,Beginner,Advanced,Novice,Novice,Beginner,Novice,Advanced,Novice,,,,,,,,,,,,,,,
,,,,,,,,,,,,,,,,,,,Novice,Expert,Novice,Novice,Novice,Novice,Expert,Intermediate,Intermediate,Novice,,,,,,,,,,
,,,,,,,,,,,,,,,,,,,,,,,,,,,,,,,,,,Expert,Novice,Intermediate,Beginner,Beginner
Expert,Expert,Intermediate,Expert,Intermediate,Beginner,Expert,Novice,Beginner,Expert,Novice,Novice,Novice,Novice,,,,,,,,,,,,,,,,,,,,,,,,,
,,,,,,,,,,,Intermediate,Expert,Novice,,,,,,,,,,,,,,,,,,,,,,,,,
Expert,Beginner,Beginner,Beginner,Expert,Beginner,Intermediate,Novice,Novice,Beginner,Beginner,,,,,,,,,,,,,,,,,,,Novice,Novice,Beginner,Beginner,Expert,,,,,
Novice,Advanced,Novice,Novice,Intermediate,Advanced,Intermediate,Novice,Expert,Intermediate,Novice,,,,,,,,,,,,,,,,,,,,,,,,,,,,
,,,,,,,,,,,,,,,,,,,Novice,Novice,Novice,Novice,Advanced,Novice,Novice,Intermediate,Intermediate,Novice,Advanced,Beginner,Expert,Expert,Intermediate,,,,,
,,,,,,,,,,,,,,Intermediate,Expert,Intermediate,Novice,Beginner,Intermediate,Novice,Beginner,Novice,Beginner,,,,,,Novice,Intermediate,Beginner,Novice,Beginner,,,,,
,,,,,,Expert,Expert,Expert,Advanced,Novice,,,,Beginner,Beginner,Expert,Beginner,Beginner,,,,,,Advanced,Intermediate,Novice,Novice,Beginner,,,,,,,,,,
Novice,Expert,Novice,Beginner,Novice,Novice,,,,,,,,,,,,,,,,,,,,,,,,Intermediate,Intermediate,Beginner,Expert,Intermediate,Intermediate,Beginner,Novice,Beginner,Novice
,,,,,,,,,,,Expert,Beginner,Novice,Novice,Advanced,Expert,Novice,Advanced,Novice,Beginner,Intermediate,Beginner,Advanced,,,,,,,,,,,,,,,
Intermediate,Novice,Novice,Advanced,Beginner,Novice,,,,,,Expert,Beginner,Intermediate,,,,,,,,,,,,,,,,,,,,,,,,,
,,,,,,,,,,,Novice,Expert,Novice,,,,,,,,,,,,,,,,,,,,,,,,,
,,,,,,,,,,,Advanced,Novice,Intermediate,,,,,,,,,,,Advanced,Novice,Novice,Novice,Intermediate,Novice,Novice,Beginner,Expert,Intermediate,,,,,
Advanced,Novice,Novice,Beginner,Expert,Beginner,,,,,,,,,,,,,,,,,,,,,,,,,,,,,,,,,
Intermediate,Beginner,Intermediate,Expert,Intermediate,Advanced,,,,,,,,,Novice,Novice,Novice,Beginner,Intermediate,,,,,,Advanced,Novice,Novice,Beginner,Novice,,,,,,,,,,
,,,,,,,,,,,Beginner,Advanced,Expert,,,,,,,,,,,,,,,,,,,,,,,,,
Beginner,Expert,Novice,Advanced,Advanced,Novice,,,,,,,,,,,,,,,,,,,,,,,,Novice,Novice,Beginner,Novice,Novice,,,,,
Novice,Novice,Novice,Beginner,Expert,Novice,,,,,,Novice,Intermediate,Novice,,,,,,,,,,,Intermediate,Novice,Advanced,Novice,Expert,,,,,,,,,,
,,,,,,,,,,,,,,,,,,,Intermediate,Novice,Novice,Expert,Novice,,,,,,,,,,,,,,,
Novice,Novice,Intermediate,Beginner,Novice,Novice,,,,,,,,,,,,,,Expert,Expert,Intermediate,Novice,Advanced,,,,,,Intermediate,Novice,Expert,Expert,Beginner,,,,,
Intermediate,Novice,Intermediate,Beginner,Expert,Expert,Intermediate,Novice,Beginner,Expert,Novice,,,,,,,,,,,,,,,,,,,,,,,,Novice,Novice,Intermediate,Novice,Novice
,,,,,,,,,,,,,,Novice,Expert,Intermediate,Novice,Beginner,,,,,,,,,,,Intermediate,Novice,Beginner,Intermediate,Intermediate,,,,,
,,,,,,,,,,,,,,Novice,Beginner,Expert,Novice,Intermediate,Beginner,Novice,Novice,Novice,Expert,,,,,,,,,,,,,,,
,,,,,,Intermediate,Novice,Beginner,Expert,Beginner,,,,,,,,,,,,,,,,,,,,,,,,,,,,
,,,,,,Beginner,Expert,Beginner,Beginner,Beginner,Expert,Advanced,Intermediate,,,,,,,,,,,,,,,,Intermediate,Advanced,Novice,Intermediate,Intermediate,,,,,
,,,,,,,,,,,,,,,,,,,Intermediate,Expert,Novice,Beginner,Novice,,,,,,,,,,,Expert,Intermediate,Novice,Advanced,Novice
,,,,,,,,,,,,,,,,,,,,,,,,Novice,Intermediate,Advanced,Expert,Intermediate,,,,,,,,,,
,,,,,,,,,,,,,,Intermediate,Expert,Novice,Expert,Intermediate,,,,,,,,,,,,,,,,,,,,
,,,,,,,,,,,Novice,Beginner,Novice,Intermediate,Intermediate,Advanced,Advanced,Advanced,,,,,,Advanced,Beginner,Expert,Beginner,Novice,,,,,,,,,,
,,,,,,Intermediate,Novice,Beginner,Beginner,Intermediate,Expert,Beginner,Novice,,,,,,,,,,,Novice,Beginner,Expert,Beginner,Novice,,,,,,,,,,
,,,,,,,,,,,,,,,,,,,Beginner,Novice,Novice,Expert,Novice,,,,,,,,,,,,,,,
,,,,,,,,,,,,,,,,,,,,,,,,,,,,,Beginner,Intermediate,Novice,Expert,Intermediate,,,,,
,,,,,,,,,,,,,,Advanced,Beginner,Expert,Beginner,Novice,,,,,,,,,,,,,,,,,,,,
Expert,Intermediate,Beginner,Novice,Novice,Beginner,,,,,,,,,,,,,,,,,,,,,,,,Novice,Intermediate,Novice,Novice,Novice,,,,,
,,,,,,,,,,,,,,Expert,Expert,Beginner,Beginner,Expert,,,,,,,,,,,,,,,,,,,,
,,,,,,,,,,,,,,Expert,Beginner,Beginner,Advanced,Intermediate,,,,,,,,,,,Novice,Expert,Novice,Advanced,Expert,,,,,
,,,,,,Intermediate,Advanced,Expert,Beginner,Novice,,,,,,,,,,,,,,,,,,,,,,,,Novice,Beginner,Beginner,Expert,Novice
,,,,,,Novice,Novice,Intermediate,Novice,Intermediate,,,,,,,,,,,,,,Novice,Expert,Expert,Intermediate,Novice,Novice,Beginner,Intermediate,Intermediate,Novice,,,,,
Advanced,Advanced,Beginner,Intermediate,Intermediate,Novice,,,,,,,,,,,,,,Novice,Beginner,Beginner,Intermediate,Novice,Intermediate,Expert,Advanced,Novice,Novice,,,,,,,,,,
,,,,,,,,,,,,,,,,,,,,,,,,,,,,,Expert,Advanced,Advanced,Novice,Novice,,,,,
,,,,,,Novice,Expert,Novice,Novice,Advanced,,,,Novice,Beginner,Beginner,Novice,Beginner,,,,,,,,,,,,,,,,,,,,
,,,,,,,,,,,,,,,,,,,Advanced,Beginner,Beginner,Beginner,Intermediate,Beginner,Novice,Novice,Novice,Expert,Beginner,Beginner,Beginner,Intermediate,Novice,,,,,
,,,,,,Intermediate,Expert,Beginner,Beginner,Novice,,,,,,,,,,,,,,,,,,,,,,,,,,,,
,,,,,,,,,,,Intermediate,Expert,Advanced,,,,,,,,,,,,,,,,,,,,,,,,,
,,,,,,,,,,,Intermediate,Novice,Beginner,Novice,Beginner,Expert,Advanced,Beginner,Beginner,Intermediate,Novice,Novice,Novice,,,,,,,,,,,,,,,
,,,,,,,,,,,,,,,,,,,Expert,Beginner,Beginner,Expert,Advanced,,,,,,,,,,,,,,,
,,,,,,,,,,,,,,,,,,,,,,,,Beginner,Expert,Intermediate,Intermediate,Expert,,,,,,,,,,
,,,,,,,,,,,,,,Intermediate,Expert,Intermediate,Novice,Intermediate,,,,,,Advanced,Novice,Novice,Intermediate,Intermediate,,,,,,,,,,
,,,,,,,,,,,,,,,,,,,Novice,Expert,Novice,Beginner,Beginner,,,,,,,,,,,Beginner,Intermediate,Expert,Advanced,Beginner
,,,,,,,,,,,Advanced,Expert,Expert,,,,,,,,,,,,,,,,,,,,,,,,,
,,,,,,,,,,,Novice,Novice,Novice,,,,,,Expert,Expert,Novice,Novice,Novice,,,,,,,,,,,Expert,Expert,Advanced,Advanced,Novice
,,,,,,,,,,,,,,,,,,,,,,,,Advanced,Novice,Novice,Beginner,Advanced,Expert,Beginner,Novice,Expert,Novice,,,,,
,,,,,,,,,,,Novice,Novice,Beginner,,,,,,,,,,,,,,,,Novice,Novice,Expert,Intermediate,Novice,Novice,Expert,Beginner,Novice,Beginner
Novice,Intermediate,Novice,Novice,Expert,Novice,Advanced,Expert,Intermediate,Advanced,Intermediate,,,,,,,,,,,,,,,,,,,,,,,,,,,,
,,,,,,,,,,,,,,,,,,,Expert,Beginner,Intermediate,Beginner,Intermediate,Beginner,Expert,Intermediate,Advanced,Novice,,,,,,Beginner,Novice,Intermediate,Beginner,Novice
,,,,,,,,,,,,,,,,,,,Beginner,Expert,Beginner,Advanced,Novice,Beginner,Advanced,Intermediate,Novice,Advanced,,,,,,,,,,
Novice,Novice,Novice,Intermediate,Beginner,Intermediate,,,,,,,,,,,,,,Novice,Beginner,Novice,Intermediate,Beginner,,,,,,Intermediate,Beginner,Expert,Beginner,Expert,,,,,
Novice,Expert,Expert,Novice,Beginner,Intermediate,,,,,,Novice,Intermediate,Advanced,,,,,,,,,,,,,,,,,,,,,,,,,
,,,,,,Novice,Beginner,Intermediate,Intermediate,Expert,Novice,Advanced,Advanced,Beginner,Novice,Beginner,Novice,Novice,,,,,,,,,,,,,,,,,,,,
,,,,,,,,,,,,,,,,,,,,,,,,Novice,Beginner,Intermediate,Novice,Expert,,,,,,,,,,
,,,,,,Expert,Novice,Intermediate,Advanced,Expert,,,,,,,,,,,,,,,,,,,,,,,,,,,,
Intermediate,Expert,Beginner,Intermediate,Novice,Expert,,,,,,,,,,,,,,,,,,,,,,,,,,,,,,,,,
Beginner,Beginner,Expert,Intermediate,Beginner,Beginner,,,,,,Intermediate,Novice,Novice,,,,,,,,,,,,,,,,Novice,Intermediate,Novice,Novice,Beginner,,,,,
,,,,,,Intermediate,Novice,Novice,Intermediate,Intermediate,,,,,,,,,,,,,,,,,,,,,,,,Advanced,Novice,Advanced,Expert,Intermediate
,,,,,,,,,,,,,,,,,,,,,,,,,,,,,,,,,,Novice,Expert,Beginner,Advanced,Beginner
,,,,,,Expert,Advanced,Novice,Intermediate,Novice,,,,,,,,,,,,,,,,,,,Advanced,Beginner,Advanced,Novice,Advanced,,,,,
,,,,,,,,,,,,,,,,,,,,,,,,,,,,,,,,,,Expert,Novice,Novice,Expert,Intermediate
,,,,,,,,,,,,,,Novice,Expert,Novice,Advanced,Beginner,,,,,,Intermediate,Novice,Intermediate,Intermediate,Novice,,,,,,,,,,
,,,,,,,,,,,,,,,,,,,,,,,,Expert,Beginner,Beginner,Novice,Advanced,,,,,,,,,,
,,,,,,,,,,,Novice,Novice,Novice,,,,,,,,,,,,,,,,Novice,Advanced,Novice,Expert,Novice,,,,,
Intermediate,Intermediate,Beginner,Intermediate,Beginner,Novice,,,,,,,,,Beginner,Expert,Beginner,Novice,Intermediate,,,,,,,,,,,,,,,,,,,,
,,,,,,,,,,,,,,,,,,,,,,,,,,,,,Novice,Novice,Novice,Novice,Novice,Expert,Beginner,Beginner,Expert,Intermediate
Novice,Expert,Novice,Beginner,Beginner,Intermediate,,,,,,Advanced,Novice,Novice,,,,,,,,,,,,,,,,,,,,,,,,,
,,,,,,Novice,Advanced,Expert,Novice,Novice,,,,,,,,,Intermediate,Advanced,Novice,Novice,Beginner,,,,,,,,,,,,,,,
,,,,,,,,,,,,,,,,,,,Expert,Advanced,Beginner,Advanced,Beginner,,,,,,,,,,,,,,,
Novice,Expert,Novice,Novice,Beginner,Advanced,,,,,,,,,,,,,,Novice,Advanced,Advanced,Advanced,Intermediate,,,,,,,,,,,Beginner,Intermediate,Novice,Novice,Novice
,,,,,,,,,,,Intermediate,Novice,Novice,Novice,Novice,Novice,Intermediate,Beginner,Novice,Beginner,Expert,Beginner,Intermediate,,,,,,,,,,,,,,,
Beginner,Advanced,Expert,Expert,Novice,Novice,,,,,,,,,,,,,,,,,,,,,,,,,,,,,,,,,
,,,,,,,,,,,,,,Beginner,Beginner,Expert,Novice,Novice,,,,,,,,,,,,,,,,,,,,
,,,,,,Novice,Advanced,Advanced,Beginner,Advanced,,,,Expert,Expert,Beginner,Advanced,Novice,,,,,,Beginner,Advanced,Novice,Novice,Beginner,,,,,,,,,,
,,,,,,,,,,,Novice,Novice,Novice,,,,,,Novice,Novice,Advanced,Novice,Novice,Novice,Beginner,Beginner,Advanced,Expert,,,,,,,,,,
,,,,,,,,,,,,,,,,,,,,,,,,,,,,,,,,,,Beginner,Beginner,Expert,Expert,Novice
,,,,,,Intermediate,Expert,Novice,Intermediate,Intermediate,,,,Expert,Advanced,Novice,Intermediate,Expert,Intermediate,Advanced,Beginner,Beginner,Advanced,,,,,,,,,,,,,,,
,,,,,,,,,,,,,,,,,,,,,,,,,,,,,Expert,Intermediate,Novice,Novice,Novice,,,,,
Novice,Beginner,Advanced,Advanced,Novice,Expert,,,,,,,,,,,,,,,,,,,,,,,,,,,,,,,,,
Beginner,Beginner,Expert,Beginner,Novice,Beginner,,,,,,,,,,,,,,Novice,Novice,Beginner,Novice,Novice,,,,,,Intermediate,Novice,Novice,Beginner,Intermediate,,,,,
,,,,,,,,,,,,,,,,,,,Novice,Advanced,Beginner,Beginner,Novice,,,,,,,,,,,Novice,Intermediate,Expert,Advanced,Intermediate
Novice,Beginner,Intermediate,Novice,Intermediate,Intermediate,,,,,,,,,,,,,,,,,,,,,,,,Advanced,Beginner,Beginner,Advanced,Beginner,Intermediate,Expert,Intermediate,Novice,Novice
,,,,,,,,,,,Beginner,Novice,Beginner,,,,,,,,,,,,,,,,Novice,Intermediate,Advanced,Novice,Novice,Intermediate,Intermediate,Expert,Expert,Intermediate
,,,,,,,,,,,,,,Expert,Beginner,Novice,Intermediate,Advanced,,,,,,,,,,,,,,,,,,,,
,,,,,,,,,,,,,,,,,,,,,,,,Expert,Intermediate,Expert,Intermediate,Novice,,,,,,,,,,
Expert,Expert,Novice,Intermediate,Beginner,Novice,,,,,,,,,,,,,,,,,,,,,,,,Expert,Intermediate,Advanced,Beginner,Intermediate,Beginner,Advanced,Novice,Advanced,Intermediate
Intermediate,Intermediate,Expert,Novice,Novice,Expert,,,,,,Expert,Intermediate,Novice,Intermediate,Beginner,Beginner,Intermediate,Beginner,,,,,,,,,,,,,,,,,,,,
,,,,,,,,,,,,,,Novice,Intermediate,Advanced,Intermediate,Expert,,,,,,,,,,,,,,,,,,,,
Beginner,Novice,Expert,Expert,Beginner,Novice,,,,,,Intermediate,Advanced,Beginner,,,,,,,,,,,Intermediate,Expert,Novice,Intermediate,Novice,,,,,,,,,,
,,,,,,,,,,,,,,,,,,,,,,,,Expert,Novice,Expert,Novice,Beginner,,,,,,,,,,
,,,,,,Beginner,Novice,Beginner,Expert,Novice,,,,,,,,,,,,,,,,,,,,,,,,,,,,
,,,,,,,,,,,Beginner,Intermediate,Beginner,,,,,,,,,,,,,,,,,,,,,Beginner,Intermediate,Expert,Beginner,Expert
Beginner,Expert,Advanced,Intermediate,Novice,Novice,,,,,,,,,,,,,,,,,,,Intermediate,Novice,Novice,Intermediate,Beginner,,,,,,,,,,
,,,,,,,,,,,,,,,,,,,,,,,,,,,,,Beginner,Beginner,Beginner,Advanced,Expert,,,,,
,,,,,,,,,,,,,,,,,,,,,,,,,,,,,,,,,,Beginner,Expert,Beginner,Intermediate,Novice
,,,,,,,,,,,Novice,Beginner,Expert,,,,,,,,,,,,,,,,Beginner,Novice,Expert,Novice,Beginner,,,,,
,,,,,,,,,,,,,,Beginner,Intermediate,Intermediate,Novice,Beginner,,,,,,,,,,,Novice,Beginner,Expert,Beginner,Novice,,,,,
,,,,,,,,,,,,,,,,,,,,,,,,Novice,Beginner,Novice,Expert,Novice,,,,,,,,,,
,,,,,,,,,,,Novice,Expert,Intermediate,,,,,,,,,,,,,,,,,,,,,,,,,
,,,,,,,,,,,,,,Beginner,Expert,Novice,Novice,Intermediate,,,,,,,,,,,,,,,,,,,,
,,,,,,Expert,Beginner,Beginner,Intermediate,Advanced,,,,,,,,,,,,,,,,,,,,,,,,,,,,
,,,,,,,,,,,,,,,,,,,,,,,,,,,,,,,,,,Advanced,Expert,Novice,Advanced,Expert
,,,,,,,,,,,,,,,,,,,,,,,,Novice,Expert,Novice,Beginner,Advanced,,,,,,,,,,
,,,,,,,,,,,,,,,,,,,Intermediate,Advanced,Expert,Expert,Novice,,,,,,,,,,,,,,,
Beginner,Beginner,Beginner,Novice,Novice,Advanced,Expert,Novice,Intermediate,Novice,Intermediate,,,,,,,,,,,,,,Beginner,Beginner,Beginner,Novice,Novice,,,,,,,,,,
Expert,Novice,Beginner,Beginner,Beginner,Novice,,,,,,,,,,,,,,,,,,,,,,,,,,,,,,,,,
,,,,,,,,,,,Advanced,Expert,Novice,,,,,,,,,,,,,,,,,,,,,Intermediate,Intermediate,Novice,Intermediate,Beginner
,,,,,,,,,,,Novice,Expert,Expert,,,,,,,,,,,,,,,,,,,,,,,,,
,,,,,,,,,,,,,,,,,,,Expert,Novice,Intermediate,Novice,Advanced,Novice,Novice,Intermediate,Novice,Novice,Beginner,Expert,Intermediate,Novice,Beginner,,,,,
,,,,,,,,,,,Beginner,Expert,Advanced,,,,,,,,,,,,,,,,,,,,,,,,,
,,,,,,,,,,,,,,Novice,Expert,Advanced,Advanced,Beginner,,,,,,Expert,Intermediate,Novice,Intermediate,Intermediate,,,,,,Advanced,Beginner,Intermediate,Novice,Expert
,,,,,,,,,,,,,,,,,,,,,,,,,,,,,Expert,Novice,Novice,Beginner,Beginner,,,,,
,,,,,,,,,,,,,,,,,,,,,,,,Novice,Novice,Novice,Expert,Novice,,,,,,,,,,
,,,,,,,,,,,,,,,,,,,,,,,,Expert,Beginner,Expert,Beginner,Beginner,Novice,Expert,Novice,Advanced,Novice,Beginner,Novice,Beginner,Expert,Novice
,,,,,,Intermediate,Novice,Expert,Beginner,Novice,,,,,,,,,,,,,,,,,,,,,,,,,,,,
,,,,,,,,,,,Novice,Advanced,Novice,,,,,,,,,,,,,,,,,,,,,Novice,Advanced,Expert,Expert,Advanced
Novice,Beginner,Novice,Novice,Novice,Expert,Expert,Beginner,Advanced,Novice,Beginner,,,,,,,,,,,,,,,,,,,,,,,,,,,,
,,,,,,Intermediate,Expert,Beginner,Novice,Expert,,,,Beginner,Beginner,Beginner,Novice,Beginner,,,,,,Advanced,Novice,Novice,Novice,Novice,,,,,,,,,,
,,,,,,,,,,,,,,,,,,,Advanced,Novice,Expert,Novice,Beginner,,,,,,,,,,,,,,,
,,,,,,Intermediate,Novice,Novice,Intermediate,Novice,,,,Novice,Novice,Beginner,Novice,Expert,,,,,,,,,,,,,,,,,,,,
,,,,,,,,,,,Intermediate,Novice,Expert,,,,,,,,,,,,,,,,Novice,Novice,Advanced,Novice,Expert,,,,,
,,,,,,,,,,,Novice,Expert,Novice,Intermediate,Beginner,Beginner,Novice,Intermediate,,,,,,,,,,,Advanced,Advanced,Expert,Intermediate,Advanced,,,,,
,,,,,,Beginner,Expert,Novice,Intermediate,Intermediate,,,,,,,,,,,,,,,,,,,,,,,,,,,,
,,,,,,,,,,,,,,,,,,,,,,,,,,,,,Intermediate,Expert,Novice,Expert,Beginner,,,,,
,,,,,,,,,,,Advanced,Beginner,Advanced,,,,,,,,,,,,,,,,,,,,,Novice,Novice,Advanced,Beginner,Expert
Beginner,Novice,Novice,Novice,Novice,Advanced,,,,,,,,,,,,,,,,,,,,,,,,Intermediate,Beginner,Novice,Beginner,Beginner,Novice,Novice,Expert,Intermediate,Intermediate
,,,,,,,,,,,Novice,Novice,Novice,Beginner,Novice,Intermediate,Beginner,Novice,,,,,,Beginner,Novice,Novice,Expert,Expert,,,,,,,,,,
Beginner,Novice,Novice,Expert,Intermediate,Beginner,,,,,,,,,,,,,,,,,,,,,,,,,,,,,,,,,
,,,,,,Expert,Advanced,Beginner,Novice,Novice,,,,,,,,,,,,,,,,,,,Novice,Intermediate,Novice,Intermediate,Intermediate,Advanced,Expert,Beginner,Beginner,Expert
,,,,,,,,,,,,,,,,,,,Novice,Novice,Expert,Novice,Advanced,,,,,,,,,,,,,,,
,,,,,,,,,,,Beginner,Expert,Intermediate,,,,,,,,,,,Beginner,Intermediate,Advanced,Intermediate,Novice,,,,,,Beginner,Beginner,Beginner,Expert,Intermediate
,,,,,,,,,,,,,,,,,,,,,,,,Novice,Expert,Intermediate,Novice,Novice,,,,,,,,,,
,,,,,,Novice,Novice,Expert,Novice,Intermediate,,,,,,,,,,,,,,,,,,,,,,,,Novice,Beginner,Beginner,Beginner,Novice
,,,,,,,,,,,Intermediate,Novice,Expert,,,,,,,,,,,,,,,,,,,,,,,,,
Beginner,Expert,Intermediate,Beginner,Intermediate,Beginner,,,,,,,,,,,,,,,,,,,,,,,,,,,,,Advanced,Intermediate,Expert,Novice,Intermediate
,,,,,,Novice,Beginner,Novice,Novice,Expert,,,,,,,,,Intermediate,Advanced,Intermediate,Novice,Beginner,Novice,Novice,Intermediate,Novice,Beginner,,,,,,,,,,
,,,,,,,,,,,Expert,Beginner,Expert,,,,,,,,,,,,,,,,,,,,,Novice,Advanced,Beginner,Novice,Novice
,,,,,,,,,,,,,,,,,,,,,,,,,,,,,Expert,Novice,Intermediate,Novice,Novice,,,,,
Expert,Novice,Expert,Novice,Novice,Novice,,,,,,,,,,,,,,,,,,,Beginner,Intermediate,Intermediate,Intermediate,Expert,,,,,,,,,,
,,,,,,,,,,,,,,Novice,Novice,Advanced,Novice,Intermediate,,,,,,Novice,Novice,Expert,Novice,Novice,,,,,,,,,,
,,,,,,,,,,,Expert,Novice,Expert,,,,,,,,,,,,,,,,,,,,,Intermediate,Novice,Novice,Novice,Intermediate
,,,,,,,,,,,,,,Novice,Beginner,Beginner,Intermediate,Expert,Novice,Expert,Intermediate,Intermediate,Intermediate,,,,,,,,,,,,,,,
Expert,Beginner,Advanced,Beginner,Beginner,Novice,,,,,,,,,,,,,,,,,,,,,,,,,,,,,Expert,Beginner,Intermediate,Novice,Novice
,,,,,,,,,,,,,,,,,,,Beginner,Intermediate,Expert,Novice,Novice,,,,,,,,,,,,,,,
,,,,,,,,,,,,,,,,,,,,,,,,Intermediate,Beginner,Expert,Novice,Beginner,,,,,,,,,,
,,,,,,,,,,,Novice,Novice,Novice,,,,,,,,,,,Expert,Expert,Beginner,Novice,Intermediate,,,,,,,,,,
,,,,,,,,,,,,,,Expert,Beginner,Beginner,Intermediate,Beginner,,,,,,Novice,Novice,Advanced,Advanced,Beginner,,,,,,,,,,
,,,,,,,,,,,Expert,Beginner,Expert,,,,,,,,,,,Beginner,Novice,Beginner,Beginner,Expert,Novice,Novice,Beginner,Expert,Novice,,,,,
,,,,,,,,,,,,,,Beginner,Novice,Advanced,Intermediate,Expert,,,,,,,,,,,,,,,,Expert,Novice,Beginner,Novice,Beginner
,,,,,,,,,,,,,,,,,,,Novice,Advanced,Beginner,Intermediate,Novice,,,,,,,,,,,Novice,Novice,Novice,Beginner,Expert
,,,,,,,,,,,Beginner,Advanced,Novice,,,,,,,,,,,,,,,,Beginner,Novice,Novice,Advanced,Expert,,,,,
,,,,,,Beginner,Novice,Novice,Beginner,Beginner,,,,,,,,,,,,,,Novice,Advanced,Advanced,Beginner,Advanced,,,,,,Beginner,Novice,Expert,Intermediate,Beginner
,,,,,,,,,,,Novice,Novice,Expert,,,,,,,,,,,,,,,,,,,,,,,,,
,,,,,,,,,,,,,,,,,,,,,,,,,,,,,Expert,Advanced,Beginner,Novice,Novice,,,,,
,,,,,,,,,,,,,,Expert,Beginner,Advanced,Novice,Beginner,,,,,,,,,,,,,,,,,,,,
,,,,,,,,,,,,,,,,,,,,,,,,Beginner,Beginner,Beginner,Expert,Novice,,,,,,,,,,
,,,,,,,,,,,,,,,,,,,Novice,Beginner,Beginner,Novice,Beginner,Novice,Expert,Intermediate,Intermediate,Intermediate,Expert,Intermediate,Novice,Expert,Novice,,,,,
,,,,,,,,,,,,,,,,,,,,,,,,Expert,Novice,Intermediate,Beginner,Beginner,,,,,,,,,,
,,,,,,,,,,,,,,,,,,,,,,,,,,,,,,,,,,Novice,Novice,Advanced,Expert,Novice
,,,,,,,,,,,Advanced,Expert,Novice,,,,,,,,,,,,,,,,,,,,,,,,,
,,,,,,,,,,,,,,,,,,,Novice,Advanced,Beginner,Beginner,Novice,Intermediate,Expert,Novice,Beginner,Novice,,,,,,,,,,
,,,,,,,,,,,,,,,,,,,,,,,,,,,,,,,,,,Novice,Intermediate,Expert,Intermediate,Expert
,,,,,,,,,,,,,,,,,,,,,,,,Novice,Expert,Intermediate,Novice,Novice,,,,,,,,,,
,,,,,,Novice,Advanced,Expert,Intermediate,Intermediate,,,,,,,,,,,,,,Beginner,Novice,Beginner,Expert,Expert,Advanced,Beginner,Novice,Advanced,Novice,,,,,
Novice,Intermediate,Novice,Novice,Expert,Novice,Intermediate,Advanced,Novice,Novice,Novice,,,,,,,,,,,,,,,,,,,,,,,,,,,,
,,,,,,,,,,,,,,Novice,Novice,Expert,Beginner,Beginner,,,,,,,,,,,,,,,,,,,,
Expert,Intermediate,Intermediate,Novice,Expert,Beginner,,,,,,,,,,,,,,,,,,,Novice,Beginner,Novice,Intermediate,Beginner,Novice,Novice,Intermediate,Advanced,Beginner,,,,,
,,,,,,,,,,,,,,,,,,,Expert,Novice,Intermediate,Novice,Intermediate,,,,,,,,,,,,,,,
,,,,,,,,,,,,,,,,,,,,,,,,Beginner,Novice,Beginner,Novice,Expert,,,,,,,,,,
,,,,,,Intermediate,Novice,Expert,Intermediate,Novice,,,,,,,,,,,,,,,,,,,,,,,,,,,,
,,,,,,,,,,,Expert,Advanced,Beginner,,,,,,,,,,,,,,,,,,,,,Beginner,Beginner,Intermediate,Intermediate,Beginner
,,,,,,,,,,,Beginner,Intermediate,Expert,,,,,,,,,,,,,,,,,,,,,,,,,
,,,,,,Intermediate,Beginner,Expert,Novice,Advanced,,,,,,,,,Advanced,Novice,Novice,Intermediate,Expert,,,,,,,,,,,Novice,Intermediate,Novice,Expert,Intermediate
Novice,Expert,Intermediate,Novice,Expert,Novice,,,,,,,,,Advanced,Novice,Novice,Expert,Intermediate,Beginner,Intermediate,Expert,Novice,Novice,,,,,,,,,,,,,,,
,,,,,,,,,,,Intermediate,Novice,Expert,,,,,,,,,,,,,,,,,,,,,,,,,
,,,,,,,,,,,Novice,Beginner,Advanced,,,,,,,,,,,Beginner,Intermediate,Expert,Novice,Beginner,Novice,Intermediate,Beginner,Expert,Intermediate,,,,,
Beginner,Expert,Intermediate,Novice,Novice,Advanced,,,,,,,,,,,,,,,,,,,,,,,,,,,,,,,,,
,,,,,,,,,,,,,,,,,,,,,,,,Expert,Novice,Expert,Novice,Novice,,,,,,,,,,
,,,,,,,,,,,Expert,Intermediate,Beginner,,,,,,,,,,,,,,,,,,,,,,,,,
,,,,,,,,,,,Advanced,Advanced,Expert,,,,,,,,,,,,,,,,,,,,,Novice,Beginner,Advanced,Intermediate,Novice
Advanced,Novice,Novice,Beginner,Advanced,Expert,,,,,,,,,,,,,,,,,,,,,,,,,,,,,,,,,
,,,,,,,,,,,,,,Expert,Advanced,Novice,Advanced,Beginner,Novice,Intermediate,Novice,Expert,Novice,,,,,,,,,,,,,,,
,,,,,,,,,,,,,,Beginner,Expert,Beginner,Novice,Novice,,,,,,,,,,,,,,,,Novice,Advanced,Intermediate,Beginner,Intermediate
,,,,,,,,,,,,,,Novice,Intermediate,Beginner,Expert,Expert,,,,,,,,,,,,,,,,,,,,
,,,,,,,,,,,,,,Advanced,Expert,Beginner,Expert,Novice,Expert,Novice,Expert,Novice,Novice,,,,,,,,,,,,,,,
Novice,Intermediate,Intermediate,Expert,Expert,Novice,Beginner,Novice,Advanced,Novice,Expert,,,,,,,,,,,,,,,,,,,Intermediate,Advanced,Novice,Beginner,Beginner,,,,,
,,,,,,,,,,,Beginner,Advanced,Novice,,,,,,,,,,,Expert,Intermediate,Novice,Novice,Advanced,,,,,,,,,,
,,,,,,Intermediate,Beginner,Expert,Novice,Intermediate,,,,,,,,,,,,,,Novice,Advanced,Novice,Intermediate,Intermediate,Intermediate,Intermediate,Intermediate,Intermediate,Intermediate,,,,,
,,,,,,,,,,,,,,,,,,,,,,,,,,,,,Novice,Expert,Novice,Novice,Beginner,Beginner,Intermediate,Beginner,Beginner,Intermediate
,,,,,,,,,,,,,,Novice,Expert,Advanced,Novice,Beginner,,,,,,,,,,,,,,,,,,,,
,,,,,,Novice,Intermediate,Advanced,Expert,Novice,,,,,,,,,,,,,,,,,,,,,,,,,,,,
,,,,,,,,,,,,,,,,,,,,,,,,Beginner,Novice,Expert,Beginner,Novice,,,,,,Novice,Novice,Expert,Novice,Novice
Intermediate,Intermediate,Novice,Novice,Beginner,Expert,Novice,Advanced,Novice,Expert,Intermediate,Advanced,Intermediate,Novice,,,,,,,,,,,,,,,,,,,,,,,,,
,,,,,,,,,,,Novice,Novice,Novice,,,,,,,,,,,,,,,,Novice,Expert,Expert,Novice,Novice,Advanced,Advanced,Intermediate,Novice,Beginner
,,,,,,,,,,,Expert,Beginner,Intermediate,,,,,,,,,,,,,,,,,,,,,,,,,
,,,,,,,,,,,Intermediate,Novice,Novice,Beginner,Novice,Novice,Expert,Novice,,,,,,Novice,Novice,Intermediate,Beginner,Expert,,,,,,,,,,
Intermediate,Expert,Advanced,Beginner,Novice,Beginner,,,,,,,,,,,,,,,,,,,,,,,,,,,,,Novice,Intermediate,Beginner,Intermediate,Expert
,,,,,,Novice,Expert,Novice,Novice,Expert,,,,,,,,,,,,,,,,,,,,,,,,,,,,
,,,,,,,,,,,,,,Beginner,Beginner,Novice,Intermediate,Beginner,,,,,,,,,,,Beginner,Expert,Intermediate,Intermediate,Advanced,,,,,
Novice,Novice,Expert,Beginner,Intermediate,Beginner,,,,,,,,,,,,,,,,,,,,,,,,Expert,Novice,Novice,Beginner,Beginner,,,,,
Intermediate,Intermediate,Beginner,Intermediate,Novice,Expert,,,,,,Beginner,Beginner,Novice,,,,,,,,,,,,,,,,,,,,,Intermediate,Advanced,Novice,Intermediate,Beginner
,,,,,,,,,,,,,,Expert,Beginner,Novice,Novice,Novice,,,,,,,,,,,,,,,,,,,,
Expert,Beginner,Advanced,Advanced,Intermediate,Intermediate,,,,,,Novice,Intermediate,Novice,,,,,,,,,,,,,,,,Novice,Novice,Expert,Beginner,Novice,,,,,
,,,,,,Beginner,Novice,Expert,Novice,Novice,Novice,Advanced,Novice,Novice,Intermediate,Intermediate,Intermediate,Novice,,,,,,,,,,,,,,,,,,,,
,,,,,,Expert,Beginner,Intermediate,Beginner,Novice,,,,,,,,,,,,,,,,,,,,,,,,,,,,
Expert,Beginner,Beginner,Beginner,Intermediate,Novice,,,,,,,,,,,,,,,,,,,,,,,,,,,,,,,,,
,,,,,,Novice,Advanced,Expert,Intermediate,Novice,,,,,,,,,,,,,,,,,,,,,,,,,,,,
,,,,,,Novice,Beginner,Advanced,Novice,Beginner,,,,,,,,,,,,,,,,,,,Beginner,Beginner,Novice,Intermediate,Expert,Novice,Intermediate,Novice,Advanced,Novice
,,,,,,,,,,,Intermediate,Expert,Novice,,,,,,,,,,,,,,,,,,,,,Advanced,Advanced,Intermediate,Beginner,Novice
,,,,,,,,,,,,,,,,,,,Intermediate,Novice,Novice,Beginner,Expert,,,,,,,,,,,Beginner,Novice,Novice,Novice,Intermediate
,,,,,,,,,,,Beginner,Beginner,Novice,,,,,,Novice,Intermediate,Expert,Novice,Intermediate,,,,,,Expert,Novice,Beginner,Novice,Novice,,,,,
,,,,,,,,,,,Expert,Beginner,Expert,,,,,,,,,,,,,,,,,,,,,,,,,
,,,,,,,,,,,Novice,Beginner,Beginner,,,,,,Intermediate,Novice,Advanced,Beginner,Expert,,,,,,,,,,,,,,,
,,,,,,,,,,,Expert,Beginner,Expert,,,,,,,,,,,,,,,,,,,,,,,,,
,,,,,,,,,,,Novice,Novice,Novice,Beginner,Expert,Beginner,Novice,Novice,,,,,,,,,,,,,,,,Intermediate,Beginner,Expert,Beginner,Intermediate
Novice,Advanced,Advanced,Beginner,Intermediate,Expert,,,,,,,,,Novice,Novice,Advanced,Beginner,Novice,,,,,,,,,,,,,,,,,,,,
,,,,,,,,,,,Novice,Beginner,Beginner,,,,,,Beginner,Intermediate,Expert,Intermediate,Novice,,,,,,,,,,,,,,,
,,,,,,,,,,,,,,,,,,,Beginner,Advanced,Expert,Beginner,Novice,,,,,,,,,,,,,,,
Intermediate,Novice,Novice,Intermediate,Expert,Advanced,,,,,,,,,,,,,,,,,,,,,,,,,,,,,,,,,
,,,,,,,,,,,,,,Intermediate,Beginner,Novice,Expert,Advanced,,,,,,Expert,Beginner,Novice,Advanced,Expert,,,,,,,,,,
Beginner,Beginner,Expert,Novice,Intermediate,Novice,,,,,,,,,,,,,,,,,,,,,,,,Beginner,Advanced,Beginner,Expert,Novice,Intermediate,Intermediate,Expert,Novice,Intermediate
,,,,,,,,,,,,,,,,,,,,,,,,Novice,Beginner,Expert,Beginner,Novice,,,,,,,,,,
,,,,,,Novice,Beginner,Novice,Novice,Advanced,,,,,,,,,,,,,,Beginner,Beginner,Advanced,Novice,Beginner,Expert,Advanced,Expert,Beginner,Intermediate,,,,,
,,,,,,,,,,,,,,Advanced,Expert,Novice,Advanced,Beginner,,,,,,,,,,,Novice,Novice,Novice,Advanced,Beginner,,,,,
,,,,,,,,,,,,,,,,,,,,,,,,Advanced,Expert,Advanced,Intermediate,Novice,Novice,Beginner,Intermediate,Novice,Intermediate,,,,,
,,,,,,,,,,,,,,Novice,Novice,Advanced,Expert,Novice,,,,,,Novice,Intermediate,Novice,Beginner,Beginner,,,,,,,,,,
,,,,,,,,,,,Novice,Novice,Beginner,Novice,Beginner,Expert,Beginner,Advanced,,,,,,,,,,,Beginner,Intermediate,Beginner,Novice,Advanced,,,,,
,,,,,,Expert,Novice,Advanced,Beginner,Novice,Beginner,Beginner,Novice,,,,,,,,,,,,,,,,Novice,Novice,Novice,Beginner,Novice,,,,,
Intermediate,Novice,Intermediate,Novice,Novice,Beginner,,,,,,Intermediate,Novice,Expert,,,,,,,,,,,,,,,,,,,,,,,,,
Novice,Expert,Novice,Beginner,Novice,Beginner,,,,,,Expert,Novice,Novice,,,,,,,,,,,,,,,,,,,,,Intermediate,Beginner,Intermediate,Novice,Advanced
,,,,,,,,,,,Novice,Novice,Beginner,,,,,,,,,,,Expert,Beginner,Intermediate,Expert,Advanced,,,,,,,,,,
,,,,,,,,,,,Expert,Novice,Expert,,,,,,,,,,,,,,,,,,,,,,,,,
,,,,,,,,,,,,,,,,,,,,,,,,,,,,,Beginner,Expert,Novice,Expert,Beginner,,,,,
,,,,,,Beginner,Advanced,Advanced,Intermediate,Advanced,,,,Expert,Intermediate,Novice,Beginner,Intermediate,,,,,,,,,,,Novice,Expert,Intermediate,Novice,Intermediate,,,,,
,,,,,,,,,,,,,,,,,,,Beginner,Intermediate,Advanced,Advanced,Beginner,Intermediate,Advanced,Beginner,Expert,Beginner,,,,,,Advanced,Beginner,Beginner,Intermediate,Novice
,,,,,,,,,,,,,,,,,,,,,,,,Beginner,Intermediate,Novice,Intermediate,Advanced,Novice,Novice,Novice,Novice,Intermediate,Intermediate,Expert,Novice,Intermediate,Novice
,,,,,,Intermediate,Novice,Beginner,Intermediate,Novice,Novice,Beginner,Novice,,,,,,Intermediate,Beginner,Intermediate,Expert,Beginner,,,,,,,,,,,,,,,
,,,,,,,,,,,Expert,Intermediate,Novice,,,,,,,,,,,,,,,,,,,,,Novice,Intermediate,Novice,Novice,Expert
Advanced,Expert,Intermediate,Novice,Novice,Expert,,,,,,,,,,,,,,,,,,,,,,,,Expert,Novice,Beginner,Beginner,Advanced,Novice,Advanced,Beginner,Novice,Beginner
,,,,,,,,,,,,,,,,,,,,,,,,Intermediate,Expert,Expert,Intermediate,Novice,,,,,,,,,,
,,,,,,,,,,,,,,,,,,,,,,,,,,,,,,,,,,Novice,Expert,Novice,Novice,Novice
,,,,,,,,,,,Novice,Beginner,Expert,,,,,,Beginner,Beginner,Expert,Beginner,Beginner,,,,,,,,,,,Expert,Novice,Intermediate,Advanced,Novice
,,,,,,,,,,,,,,,,,,,Beginner,Intermediate,Novice,Intermediate,Beginner,Beginner,Beginner,Advanced,Novice,Expert,,,,,,,,,,
,,,,,,,,,,,,,,,,,,,,,,,,,,,,,,,,,,Advanced,Expert,Advanced,Novice,Expert
Advanced,Expert,Beginner,Beginner,Intermediate,Beginner,,,,,,,,,,,,,,,,,,,Intermediate,Expert,Expert,Intermediate,Intermediate,,,,,,,,,,
Novice,Novice,Novice,Novice,Expert,Novice,,,,,,,,,,,,,,,,,,,,,,,,,,,,,,,,,
Advanced,Expert,Intermediate,Novice,Novice,Novice,,,,,,Advanced,Novice,Beginner,,,,,,,,,,,,,,,,Intermediate,Novice,Beginner,Novice,Advanced,,,,,
Beginner,Expert,Expert,Beginner,Novice,Beginner,,,,,,,,,,,,,,Novice,Advanced,Beginner,Novice,Intermediate,Beginner,Expert,Novice,Novice,Novice,,,,,,,,,,
Expert,Novice,Intermediate,Beginner,Novice,Intermediate,,,,,,,,,,,,,,,,,,,Novice,Beginner,Beginner,Novice,Expert,,,,,,Beginner,Novice,Novice,Novice,Novice
,,,,,,Beginner,Intermediate,Novice,Novice,Novice,,,,,,,,,,,,,,,,,,,Novice,Beginner,Beginner,Expert,Novice,Intermediate,Beginner,Beginner,Beginner,Intermediate
,,,,,,,,,,,,,,,,,,,Beginner,Beginner,Novice,Expert,Novice,,,,,,,,,,,,,,,
,,,,,,Novice,Expert,Beginner,Novice,Novice,,,,,,,,,,,,,,,,,,,,,,,,,,,,
,,,,,,Advanced,Intermediate,Advanced,Intermediate,Novice,,,,,,,,,Advanced,Novice,Expert,Beginner,Novice,,,,,,,,,,,Novice,Novice,Novice,Novice,Novice
,,,,,,,,,,,,,,,,,,,,,,,,Intermediate,Expert,Beginner,Intermediate,Intermediate,Beginner,Beginner,Intermediate,Advanced,Novice,,,,,
Intermediate,Beginner,Beginner,Advanced,Expert,Intermediate,,,,,,,,,,,,,,Intermediate,Novice,Intermediate,Novice,Novice,Novice,Novice,Novice,Intermediate,Beginner,,,,,,,,,,
,,,,,,,,,,,Expert,Intermediate,Beginner,,,,,,,,,,,Beginner,Expert,Beginner,Novice,Expert,,,,,,,,,,
Beginner,Beginner,Intermediate,Novice,Novice,Expert,,,,,,,,,,,,,,,,,,,,,,,,,,,,,,,,,
,,,,,,,,,,,Novice,Expert,Advanced,,,,,,,,,,,,,,,,Novice,Intermediate,Advanced,Advanced,Intermediate,,,,,
Beginner,Intermediate,Expert,Advanced,Novice,Novice,,,,,,,,,Advanced,Novice,Expert,Intermediate,Novice,,,,,,,,,,,,,,,,,,,,
,,,,,,,,,,,Beginner,Beginner,Novice,,,,,,Advanced,Expert,Novice,Novice,Novice,,,,,,Beginner,Expert,Advanced,Beginner,Expert,,,,,
,,,,,,,,,,,,,,Novice,Novice,Intermediate,Novice,Intermediate,,,,,,Novice,Expert,Novice,Novice,Beginner,Novice,Beginner,Advanced,Intermediate,Intermediate,,,,,
,,,,,,,,,,,,,,,,,,,,,,,,Novice,Intermediate,Novice,Novice,Beginner,Beginner,Novice,Novice,Intermediate,Novice,Expert,Intermediate,Intermediate,Expert,Intermediate
,,,,,,,,,,,,,,,,,,,Novice,Beginner,Novice,Beginner,Expert,,,,,,,,,,,,,,,
,,,,,,,,,,,,,,,,,,,Intermediate,Intermediate,Advanced,Expert,Beginner,,,,,,,,,,,,,,,
,,,,,,Novice,Beginner,Intermediate,Intermediate,Beginner,Expert,Advanced,Beginner,,,,,,,,,,,,,,,,,,,,,Beginner,Beginner,Beginner,Advanced,Beginner
Novice,Intermediate,Expert,Intermediate,Novice,Novice,,,,,,,,,,,,,,,,,,,,,,,,,,,,,Novice,Advanced,Beginner,Novice,Novice
,,,,,,,,,,,Intermediate,Expert,Beginner,,,,,,Intermediate,Intermediate,Beginner,Novice,Expert,,,,,,Novice,Novice,Novice,Intermediate,Intermediate,,,,,
,,,,,,,,,,,,,,Expert,Intermediate,Beginner,Novice,Beginner,,,,,,,,,,,,,,,,,,,,
,,,,,,Expert,Novice,Intermediate,Beginner,Beginner,,,,Novice,Novice,Expert,Novice,Intermediate,,,,,,,,,,,,,,,,,,,,
