Usability,Speed_Performance,Feature_Satisfaction,Security_Satisfaction,Customer_Support
Satisfied,Satisfied,Satisfied,Very Satisfied,Very Satisfied
Neutral or Average,Dissatisfied,Dissatisfied,Dissatisfied,Very Dissatisfied
Very Satisfied,Neutral or Average,Dissatisfied,Satisfied,Satisfied
Neutral or Average,Dissatisfied,Very Satisfied,Very Satisfied,Satisfied
Dissatisfied,Neutral or Average,Satisfied,Very Satisfied,Very Satisfied
Very Satisfied,Dissatisfied,Neutral or Average,Satisfied,Satisfied
Satisfied,Neutral or Average,Very Satisfied,Neutral or Average,Very Satisfied
Very Satisfied,Neutral or Average,Satisfied,Neutral or Average,Satisfied
Very Dissatisfied,Satisfied,Dissatisfied,Neutral or Average,Very Satisfied
Satisfied,Satisfied,Dissatisfied,Very Satisfied,Dissatisfied
Neutral or Average,Very Satisfied,Dissatisfied,Neutral or Average,Neutral or Average
Dissatisfied,Neutral or Average,Neutral or Average,Satisfied,Neutral or Average
Satisfied,Neutral or Average,Neutral or Average,Satisfied,Satisfied
Very Satisfied,Dissatisfied,Neutral or Average,Dissatisfied,Neutral or Average
Neutral or Average,Neutral or Average,Very Dissatisfied,Dissatisfied,Very Dissatisfied
Neutral or Average,Dissatisfied,Very Satisfied,Dissatisfied,Neutral or Average
Neutral or Average,Dissatisfied,Neutral or Average,Very Dissatisfied,Neutral or Average
Very Satisfied,Very Satisfied,Satisfied,Very Satisfied,Very Satisfied
Satisfied,Very Satisfied,Very Satisfied,Satisfied,Neutral or Average
Dissatisfied,Dissatisfied,Very Satisfied,Neutral or Average,Dissatisfied
Very Satisfied,Very Satisfied,Dissatisfied,Very Dissatisfied,Dissatisfied
Neutral or Average,Neutral or Average,Neutral or Average,Very Satisfied,Neutral or Average
Satisfied,Neutral or Average,Satisfied,Dissatisfied,Very Satisfied
Very Satisfied,Neutral or Average,Very Dissatisfied,Very Satisfied,Neutral or Average
Neutral or Average,Very Dissatisfied,Very Dissatisfied,Neutral or Average,Neutral or Average
Neutral or Average,Dissatisfied,Neutral or Average,Dissatisfied,Neutral or Average
Very Satisfied,Very Satisfied,Satisfied,Satisfied,Neutral or Average
Very Dissatisfied,Very Dissatisfied,Dissatisfied,Very Dissatisfied,Satisfied
Satisfied,Neutral or Average,Neutral or Average,Very Satisfied,Very Satisfied
Very Satisfied,Satisfied,Satisfied,Very Satisfied,Satisfied
Very Satisfied,Satisfied,Satisfied,Very Dissatisfied,Very Satisfied
Dissatisfied,Neutral or Average,Neutral or Average,Very Satisfied,Neutral or Average
Very Satisfied,Very Satisfied,Neutral or Average,Neutral or Average,Very Dissatisfied
Dissatisfied,Satisfied,Dissatisfied,Neutral or Average,Very Satisfied
Satisfied,Very Satisfied,Neutral or Average,Satisfied,Neutral or Average
Neutral or Average,Dissatisfied,Very Dissatisfied,Dissatisfied,Neutral or Average
Neutral or Average,Satisfied,Neutral or Average,Satisfied,Dissatisfied
Dissatisfied,Neutral or Average,Very Satisfied,Very Satisfied,Dissatisfied
Dissatisfied,Very Dissatisfied,Very Satisfied,Very Satisfied,Dissatisfied
Neutral or Average,Very Satisfied,Neutral or Average,Very Satisfied,Neutral or Average
Neutral or Average,Dissatisfied,Very Satisfied,Neutral or Average,Satisfied
Very Satisfied,Neutral or Average,Satisfied,Neutral or Average,Satisfied
Very Satisfied,Dissatisfied,Satisfied,Neutral or Average,Very Dissatisfied
Very Satisfied,Satisfied,Very Dissatisfied,Satisfied,Very Satisfied
Dissatisfied,Very Dissatisfied,Very Dissatisfied,Satisfied,Dissatisfied
Satisfied,Neutral or Average,Satisfied,Neutral or Average,Satisfied
Satisfied,Neutral or Average,Very Satisfied,Satisfied,Satisfied
Satisfied,Satisfied,Very Satisfied,Neutral or Average,Neutral or Average
Satisfied,Satisfied,Dissatisfied,Satisfied,Neutral or Average
Very Dissatisfied,Neutral or Average,Very Satisfied,Neutral or Average,Very Satisfied
Very Dissatisfied,Satisfied,Very Satisfied,Satisfied,Dissatisfied
Neutral or Average,Neutral or Average,Very Dissatisfied,Very Satisfied,Neutral or Average
Satisfied,Satisfied,Neutral or Average,Very Satisfied,Neutral or Average
Neutral or Average,Neutral or Average,Satisfied,Dissatisfied,Dissatisfied
Satisfied,Satisfied,Neutral or Average,Satisfied,Satisfied
Very Satisfied,Neutral or Average,Neutral or Average,Very Satisfied,Dissatisfied
Neutral or Average,Satisfied,Satisfied,Satisfied,Very Satisfied
Satisfied,Neutral or Average,Satisfied,Very Satisfied,Very Satisfied
Very Dissatisfied,Dissatisfied,Neutral or Average,Satisfied,Satisfied
Satisfied,Neutral or Average,Satisfied,Satisfied,Neutral or Average
Very Dissatisfied,Neutral or Average,Very Satisfied,Neutral or Average,Neutral or Average
Satisfied,Neutral or Average,Dissatisfied,Dissatisfied,Satisfied
Very Satisfied,Neutral or Average,Neutral or Average,Very Satisfied,Dissatisfied
Neutral or Average,Neutral or Average,Satisfied,Neutral or Average,Neutral or Average
Neutral or Average,Very Dissatisfied,Satisfied,Very Dissatisfied,Very Satisfied
Dissatisfied,Very Dissatisfied,Neutral or Average,Satisfied,Satisfied
Very Satisfied,Dissatisfied,Satisfied,Dissatisfied,Neutral or Average
Satisfied,Neutral or Average,Dissatisfied,Satisfied,Satisfied
Very Satisfied,Very Satisfied,Satisfied,Very Dissatisfied,Dissatisfied
Satisfied,Neutral or Average,Satisfied,Neutral or Average,Neutral or Average
Neutral or Average,Satisfied,Satisfied,Satisfied,Neutral or Average
Neutral or Average,Satisfied,Very Satisfied,Satisfied,Neutral or Average
Neutral or Average,Satisfied,Very Satisfied,Satisfied,Dissatisfied
Satisfied,Dissatisfied,Very Satisfied,Satisfied,Satisfied
Very Satisfied,Dissatisfied,Very Dissatisfied,Very Dissatisfied,Neutral or Average
Dissatisfied,Satisfied,Satisfied,Very Satisfied,Neutral or Average
Neutral or Average,Satisfied,Neutral or Average,Dissatisfied,Neutral or Average
Very Dissatisfied,Very Satisfied,Satisfied,Satisfied,Neutral or Average
Dissatisfied,Dissatisfied,Satisfied,Neutral or Average,Very Dissatisfied
Dissatisfied,Neutral or Average,Very Satisfied,Satisfied,Neutral or Average
Very Dissatisfied,Neutral or Average,Very Satisfied,Very Satisfied,Very Dissatisfied
Dissatisfied,Dissatisfied,Satisfied,Dissatisfied,Neutral or Average
Very Satisfied,Satisfied,Satisfied,Neutral or Average,Very Satisfied
Very Satisfied,Satisfied,Neutral or Average,Very Satisfied,Satisfied
Neutral or Average,Dissatisfied,Dissatisfied,Neutral or Average,Satisfied
Very Dissatisfied,Neutral or Average,Dissatisfied,Very Satisfied,Satisfied
Dissatisfied,Satisfied,Very Satisfied,Neutral or Average,Very Satisfied
Neutral or Average,Very Satisfied,Neutral or Average,Very Satisfied,Very Satisfied
Satisfied,Satisfied,Neutral or Average,Dissatisfied,Neutral or Average
Very Dissatisfied,Dissatisfied,Satisfied,Dissatisfied,Satisfied
Neutral or Average,Satisfied,Very Satisfied,Very Satisfied,Satisfied
Dissatisfied,Dissatisfied,Dissatisfied,Very Satisfied,Neutral or Average
Satisfied,Very Dissatisfied,Neutral or Average,Very Satisfied,Very Dissatisfied
Satisfied,Satisfied,Very Dissatisfied,Dissatisfied,Dissatisfied
Neutral or Average,Neutral or Average,Neutral or Average,Satisfied,Satisfied
Dissatisfied,Neutral or Average,Dissatisfied,Neutral or Average,Neutral or Average
Satisfied,Satisfied,Neutral or Average,Very Satisfied,Very Satisfied
Satisfied,Very Satisfied,Dissatisfied,Neutral or Average,Dissatisfied
Neutral or Average,Neutral or Average,Neutral or Average,Dissatisfied,Satisfied
Neutral or Average,Very Dissatisfied,Satisfied,Dissatisfied,Neutral or Average
Satisfied,Very Dissatisfied,Dissatisfied,Satisfied,Dissatisfied
Dissatisfied,Very Dissatisfied,Satisfied,Dissatisfied,Satisfied
Satisfied,Dissatisfied,Satisfied,Very Satisfied,Very Satisfied
Satisfied,Satisfied,Neutral or Average,Neutral or Average,Very Satisfied
Satisfied,Dissatisfied,Satisfied,Dissatisfied,Satisfied
Very Satisfied,Very Dissatisfied,Neutral or Average,Neutral or Average,Dissatisfied
Dissatisfied,Very Satisfied,Very Satisfied,Satisfied,Very Satisfied
Very Satisfied,Satisfied,Very Dissatisfied,Neutral or Average,Satisfied
Dissatisfied,Very Satisfied,Very Dissatisfied,Dissatisfied,Neutral or Average
Neutral or Average,Neutral or Average,Very Dissatisfied,Satisfied,Dissatisfied
Dissatisfied,Neutral or Average,Dissatisfied,Satisfied,Neutral or Average
Satisfied,Dissatisfied,Satisfied,Dissatisfied,Very Satisfied
Dissatisfied,Neutral or Average,Satisfied,Satisfied,Neutral or Average
Satisfied,Dissatisfied,Very Dissatisfied,Dissatisfied,Dissatisfied
Very Dissatisfied,Satisfied,Satisfied,Very Dissatisfied,Neutral or Average
Satisfied,Neutral or Average,Neutral or Average,Very Dissatisfied,Satisfied
Very Dissatisfied,Neutral or Average,Very Dissatisfied,Dissatisfied,Dissatisfied
Satisfied,Very Dissatisfied,Satisfied,Very Dissatisfied,Satisfied
Satisfied,Very Satisfied,Satisfied,Very Satisfied,Neutral or Average
Satisfied,Very Satisfied,Satisfied,Neutral or Average,Satisfied
Neutral or Average,Dissatisfied,Neutral or Average,Dissatisfied,Very Satisfied
Very Satisfied,Very Satisfied,Satisfied,Very Dissatisfied,Satisfied
Neutral or Average,Very Satisfied,Satisfied,Very Satisfied,Satisfied
Satisfied,Neutral or Average,Neutral or Average,Neutral or Average,Neutral or Average
Very Satisfied,Satisfied,Very Dissatisfied,Neutral or Average,Very Satisfied
Neutral or Average,Satisfied,Neutral or Average,Satisfied,Satisfied
Satisfied,Very Satisfied,Very Satisfied,Satisfied,Satisfied
Neutral or Average,Satisfied,Neutral or Average,Dissatisfied,Dissatisfied
Neutral or Average,Neutral or Average,Satisfied,Dissatisfied,Very Dissatisfied
Neutral or Average,Satisfied,Very Dissatisfied,Dissatisfied,Satisfied
Satisfied,Very Satisfied,Neutral or Average,Satisfied,Very Satisfied
Satisfied,Neutral or Average,Very Satisfied,Satisfied,Very Satisfied
Neutral or Average,Dissatisfied,Neutral or Average,Neutral or Average,Satisfied
Neutral or Average,Neutral or Average,Neutral or Average,Very Satisfied,Very Dissatisfied
Very Satisfied,Dissatisfied,Satisfied,Satisfied,Satisfied
Dissatisfied,Very Satisfied,Satisfied,Dissatisfied,Very Satisfied
Very Dissatisfied,Dissatisfied,Neutral or Average,Satisfied,Neutral or Average
Dissatisfied,Neutral or Average,Very Dissatisfied,Neutral or Average,Satisfied
Neutral or Average,Dissatisfied,Neutral or Average,Satisfied,Neutral or Average
Dissatisfied,Satisfied,Satisfied,Neutral or Average,Neutral or Average
Very Satisfied,Dissatisfied,Very Satisfied,Neutral or Average,Satisfied
Satisfied,Neutral or Average,Very Satisfied,Dissatisfied,Neutral or Average
Satisfied,Dissatisfied,Dissatisfied,Dissatisfied,Neutral or Average
Satisfied,Satisfied,Neutral or Average,Satisfied,Neutral or Average
Neutral or Average,Very Satisfied,Very Dissatisfied,Satisfied,Satisfied
Neutral or Average,Very Dissatisfied,Neutral or Average,Neutral or Average,Satisfied
Dissatisfied,Satisfied,Dissatisfied,Dissatisfied,Satisfied
Satisfied,Satisfied,Dissatisfied,Satisfied,Very Satisfied
Very Dissatisfied,Satisfied,Very Dissatisfied,Satisfied,Dissatisfied
Dissatisfied,Satisfied,Satisfied,Dissatisfied,Neutral or Average
Neutral or Average,Dissatisfied,Very Satisfied,Very Satisfied,Neutral or Average
Very Dissatisfied,Satisfied,Neutral or Average,Neutral or Average,Neutral or Average
Very Satisfied,Very Dissatisfied,Neutral or Average,Very Dissatisfied,Dissatisfied
Dissatisfied,Dissatisfied,Neutral or Average,Dissatisfied,Satisfied
Satisfied,Satisfied,Very Satisfied,Satisfied,Neutral or Average
Very Satisfied,Neutral or Average,Dissatisfied,Very Dissatisfied,Very Dissatisfied
Very Satisfied,Very Satisfied,Satisfied,Satisfied,Satisfied
Very Satisfied,Neutral or Average,Very Dissatisfied,Dissatisfied,Dissatisfied
Neutral or Average,Neutral or Average,Neutral or Average,Very Dissatisfied,Neutral or Average
Satisfied,Dissatisfied,Satisfied,Neutral or Average,Neutral or Average
Dissatisfied,Neutral or Average,Satisfied,Very Dissatisfied,Very Satisfied
Satisfied,Neutral or Average,Satisfied,Very Dissatisfied,Satisfied
Neutral or Average,Neutral or Average,Satisfied,Neutral or Average,Satisfied
Neutral or Average,Very Satisfied,Dissatisfied,Very Dissatisfied,Dissatisfied
Neutral or Average,Satisfied,Very Satisfied,Satisfied,Very Satisfied
Dissatisfied,Neutral or Average,Very Satisfied,Satisfied,Neutral or Average
Satisfied,Satisfied,Satisfied,Neutral or Average,Neutral or Average
Very Dissatisfied,Dissatisfied,Satisfied,Dissatisfied,Neutral or Average
Very Satisfied,Very Dissatisfied,Neutral or Average,Satisfied,Dissatisfied
Neutral or Average,Satisfied,Very Satisfied,Very Dissatisfied,Very Dissatisfied
Satisfied,Very Dissatisfied,Neutral or Average,Satisfied,Dissatisfied
Satisfied,Neutral or Average,Very Dissatisfied,Dissatisfied,Very Satisfied
Dissatisfied,Dissatisfied,Neutral or Average,Very Satisfied,Satisfied
Very Satisfied,Dissatisfied,Very Dissatisfied,Satisfied,Satisfied
Neutral or Average,Satisfied,Dissatisfied,Satisfied,Satisfied
Very Dissatisfied,Very Satisfied,Satisfied,Very Satisfied,Satisfied
Satisfied,Dissatisfied,Very Satisfied,Neutral or Average,Neutral or Average
Very Satisfied,Neutral or Average,Dissatisfied,Satisfied,Dissatisfied
Very Dissatisfied,Very Satisfied,Satisfied,Satisfied,Dissatisfied
Satisfied,Dissatisfied,Very Satisfied,Very Satisfied,Dissatisfied
Satisfied,Very Satisfied,Dissatisfied,Very Satisfied,Dissatisfied
Satisfied,Very Satisfied,Dissatisfied,Neutral or Average,Satisfied
Dissatisfied,Very Dissatisfied,Very Satisfied,Satisfied,Satisfied
Neutral or Average,Dissatisfied,Very Satisfied,Dissatisfied,Neutral or Average
Neutral or Average,Very Satisfied,Very Dissatisfied,Very Dissatisfied,Very Dissatisfied
Satisfied,Satisfied,Neutral or Average,Very Satisfied,Satisfied
Very Satisfied,Very Satisfied,Satisfied,Satisfied,Neutral or Average
Neutral or Average,Satisfied,Very Satisfied,Neutral or Average,Neutral or Average
Neutral or Average,Neutral or Average,Neutral or Average,Satisfied,Satisfied
Neutral or Average,Dissatisfied,Dissatisfied,Very Dissatisfied,Dissatisfied
Satisfied,Very Satisfied,Satisfied,Dissatisfied,Very Satisfied
Satisfied,Dissatisfied,Satisfied,Satisfied,Neutral or Average
Very Satisfied,Very Satisfied,Neutral or Average,Neutral or Average,Satisfied
Neutral or Average,Very Satisfied,Neutral or Average,Neutral or Average,Satisfied
Very Satisfied,Satisfied,Satisfied,Dissatisfied,Very Satisfied
Very Dissatisfied,Satisfied,Satisfied,Satisfied,Neutral or Average
Very Satisfied,Very Satisfied,Satisfied,Neutral or Average,Very Satisfied
Dissatisfied,Satisfied,Very Satisfied,Satisfied,Satisfied
Neutral or Average,Neutral or Average,Very Satisfied,Neutral or Average,Very Dissatisfied
Very Satisfied,Dissatisfied,Neutral or Average,Dissatisfied,Satisfied
Dissatisfied,Neutral or Average,Very Satisfied,Neutral or Average,Satisfied
Very Satisfied,Very Satisfied,Very Satisfied,Neutral or Average,Dissatisfied
Neutral or Average,Very Satisfied,Very Dissatisfied,Satisfied,Very Satisfied
Satisfied,Very Satisfied,Very Dissatisfied,Neutral or Average,Satisfied
Satisfied,Very Satisfied,Dissatisfied,Neutral or Average,Satisfied
Dissatisfied,Dissatisfied,Very Satisfied,Very Dissatisfied,Satisfied
Satisfied,Satisfied,Satisfied,Neutral or Average,Satisfied
Neutral or Average,Very Satisfied,Satisfied,Dissatisfied,Very Satisfied
Neutral or Average,Very Satisfied,Satisfied,Very Dissatisfied,Neutral or Average
Dissatisfied,Dissatisfied,Satisfied,Dissatisfied,Very Satisfied
Dissatisfied,Very Dissatisfied,Neutral or Average,Dissatisfied,Neutral or Average
Neutral or Average,Very Satisfied,Neutral or Average,Neutral or Average,Very Satisfied
Satisfied,Dissatisfied,Dissatisfied,Satisfied,Satisfied
Dissatisfied,Very Dissatisfied,Neutral or Average,Dissatisfied,Very Satisfied
Satisfied,Satisfied,Neutral or Average,Dissatisfied,Neutral or Average
Satisfied,Very Satisfied,Satisfied,Neutral or Average,Satisfied
Very Dissatisfied,Neutral or Average,Very Dissatisfied,Neutral or Average,Satisfied
Very Satisfied,Satisfied,Very Dissatisfied,Satisfied,Dissatisfied
Very Satisfied,Neutral or Average,Satisfied,Satisfied,Neutral or Average
Satisfied,Satisfied,Very Satisfied,Dissatisfied,Satisfied
Satisfied,Very Satisfied,Neutral or Average,Very Dissatisfied,Very Satisfied
Satisfied,Satisfied,Very Satisfied,Dissatisfied,Neutral or Average
Satisfied,Neutral or Average,Very Dissatisfied,Very Satisfied,Very Satisfied
Dissatisfied,Neutral or Average,Satisfied,Neutral or Average,Very Satisfied
Satisfied,Very Satisfied,Neutral or Average,Dissatisfied,Satisfied
Neutral or Average,Neutral or Average,Very Dissatisfied,Neutral or Average,Dissatisfied
Very Satisfied,Neutral or Average,Satisfied,Neutral or Average,Very Satisfied
Dissatisfied,Dissatisfied,Very Satisfied,Dissatisfied,Very Satisfied
Neutral or Average,Satisfied,Satisfied,Satisfied,Dissatisfied
Neutral or Average,Very Dissatisfied,Satisfied,Neutral or Average,Satisfied
Neutral or Average,Very Dissatisfied,Neutral or Average,Dissatisfied,Satisfied
Satisfied,Satisfied,Dissatisfied,Neutral or Average,Satisfied
Satisfied,Satisfied,Satisfied,Neutral or Average,Satisfied
Very Dissatisfied,Neutral or Average,Very Satisfied,Satisfied,Dissatisfied
Neutral or Average,Neutral or Average,Very Satisfied,Neutral or Average,Satisfied
Satisfied,Dissatisfied,Neutral or Average,Neutral or Average,Dissatisfied
Dissatisfied,Very Satisfied,Satisfied,Very Satisfied,Very Satisfied
Neutral or Average,Satisfied,Satisfied,Satisfied,Dissatisfied
Neutral or Average,Neutral or Average,Dissatisfied,Very Satisfied,Dissatisfied
Satisfied,Neutral or Average,Dissatisfied,Dissatisfied,Neutral or Average
Dissatisfied,Very Satisfied,Neutral or Average,Very Dissatisfied,Dissatisfied
Neutral or Average,Neutral or Average,Dissatisfied,Very Satisfied,Satisfied
Neutral or Average,Very Satisfied,Neutral or Average,Very Satisfied,Satisfied
Very Satisfied,Very Dissatisfied,Neutral or Average,Very Dissatisfied,Very Satisfied
Satisfied,Dissatisfied,Very Satisfied,Dissatisfied,Neutral or Average
Dissatisfied,Satisfied,Very Satisfied,Dissatisfied,Satisfied
Neutral or Average,Very Satisfied,Very Dissatisfied,Neutral or Average,Very Satisfied
Neutral or Average,Satisfied,Neutral or Average,Neutral or Average,Very Satisfied
Dissatisfied,Satisfied,Satisfied,Satisfied,Neutral or Average
Very Satisfied,Dissatisfied,Satisfied,Very Satisfied,Very Satisfied
Dissatisfied,Neutral or Average,Satisfied,Satisfied,Neutral or Average
Very Satisfied,Very Dissatisfied,Dissatisfied,Neutral or Average,Satisfied
Very Dissatisfied,Dissatisfied,Neutral or Average,Neutral or Average,Dissatisfied
Neutral or Average,Dissatisfied,Dissatisfied,Very Satisfied,Very Satisfied
Dissatisfied,Neutral or Average,Satisfied,Dissatisfied,Very Satisfied
Dissatisfied,Satisfied,Very Satisfied,Neutral or Average,Dissatisfied
Neutral or Average,Neutral or Average,Neutral or Average,Very Satisfied,Neutral or Average
Dissatisfied,Very Satisfied,Satisfied,Dissatisfied,Neutral or Average
Satisfied,Very Satisfied,Neutral or Average,Very Satisfied,Dissatisfied
Dissatisfied,Dissatisfied,Satisfied,Neutral or Average,Dissatisfied
Dissatisfied,Neutral or Average,Satisfied,Neutral or Average,Satisfied
Neutral or Average,Neutral or Average,Satisfied,Satisfied,Very Dissatisfied
Neutral or Average,Satisfied,Very Satisfied,Dissatisfied,Satisfied
Very Satisfied,Satisfied,Satisfied,Neutral or Average,Satisfied
Very Dissatisfied,Very Satisfied,Neutral or Average,Satisfied,Dissatisfied
Dissatisfied,Very Satisfied,Very Dissatisfied,Dissatisfied,Dissatisfied
Very Dissatisfied,Satisfied,Dissatisfied,Satisfied,Neutral or Average
Dissatisfied,Neutral or Average,Very Dissatisfied,Very Dissatisfied,Dissatisfied
Satisfied,Satisfied,Very Dissatisfied,Dissatisfied,Neutral or Average
Very Satisfied,Neutral or Average,Neutral or Average,Satisfied,Satisfied
Very Satisfied,Neutral or Average,Satisfied,Very Satisfied,Dissatisfied
Very Satisfied,Satisfied,Neutral or Average,Satisfied,Neutral or Average
Satisfied,Very Dissatisfied,Very Satisfied,Neutral or Average,Very Dissatisfied
Dissatisfied,Neutral or Average,Satisfied,Very Satisfied,Very Satisfied
Satisfied,Neutral or Average,Satisfied,Satisfied,Neutral or Average
Neutral or Average,Very Dissatisfied,Neutral or Average,Neutral or Average,Satisfied
Very Dissatisfied,Neutral or Average,Very Satisfied,Satisfied,Satisfied
Satisfied,Dissatisfied,Very Satisfied,Dissatisfied,Satisfied
Dissatisfied,Neutral or Average,Satisfied,Neutral or Average,Satisfied
Very Dissatisfied,Very Dissatisfied,Neutral or Average,Neutral or Average,Dissatisfied
Neutral or Average,Very Satisfied,Neutral or Average,Satisfied,Very Satisfied
Neutral or Average,Dissatisfied,Very Satisfied,Dissatisfied,Very Satisfied
Satisfied,Neutral or Average,Dissatisfied,Satisfied,Very Satisfied
Satisfied,Neutral or Average,Dissatisfied,Satisfied,Neutral or Average
Satisfied,Dissatisfied,Satisfied,Neutral or Average,Satisfied
Neutral or Average,Neutral or Average,Very Satisfied,Neutral or Average,Very Satisfied
Neutral or Average,Very Dissatisfied,Satisfied,Neutral or Average,Very Satisfied
Satisfied,Satisfied,Dissatisfied,Neutral or Average,Satisfied
Satisfied,Neutral or Average,Satisfied,Satisfied,Very Dissatisfied
Very Satisfied,Dissatisfied,Very Satisfied,Neutral or Average,Satisfied
Neutral or Average,Very Satisfied,Satisfied,Satisfied,Dissatisfied
Dissatisfied,Neutral or Average,Satisfied,Satisfied,Very Satisfied
Very Satisfied,Very Satisfied,Neutral or Average,Satisfied,Dissatisfied
Satisfied,Neutral or Average,Dissatisfied,Very Dissatisfied,Neutral or Average
Very Dissatisfied,Very Satisfied,Neutral or Average,Satisfied,Very Dissatisfied
Dissatisfied,Neutral or Average,Dissatisfied,Satisfied,Very Satisfied
Neutral or Average,Neutral or Average,Dissatisfied,Neutral or Average,Satisfied
Satisfied,Dissatisfied,Very Dissatisfied,Very Satisfied,Satisfied
Very Satisfied,Dissatisfied,Very Dissatisfied,Very Dissatisfied,Neutral or Average
Dissatisfied,Dissatisfied,Satisfied,Satisfied,Dissatisfied
Neutral or Average,Very Dissatisfied,Dissatisfied,Satisfied,Very Dissatisfied
Very Satisfied,Neutral or Average,Neutral or Average,Satisfied,Very Satisfied
Satisfied,Dissatisfied,Neutral or Average,Very Satisfied,Neutral or Average
Neutral or Average,Satisfied,Neutral or Average,Very Dissatisfied,Neutral or Average
Neutral or Average,Satisfied,Dissatisfied,Neutral or Average,Dissatisfied
Neutral or Average,Dissatisfied,Neutral or Average,Dissatisfied,Dissatisfied
Very Satisfied,Very Satisfied,Neutral or Average,Very Satisfied,Very Satisfied
Neutral or Average,Neutral or Average,Satisfied,Very Dissatisfied,Very Satisfied
Very Satisfied,Neutral or Average,Satisfied,Very Dissatisfied,Dissatisfied
Satisfied,Very Dissatisfied,Satisfied,Dissatisfied,Dissatisfied
Neutral or Average,Satisfied,Very Dissatisfied,Dissatisfied,Neutral or Average
Satisfied,Neutral or Average,Satisfied,Satisfied,Neutral or Average
Neutral or Average,Neutral or Average,Neutral or Average,Dissatisfied,Neutral or Average
Neutral or Average,Very Dissatisfied,Neutral or Average,Very Dissatisfied,Neutral or Average
Satisfied,Neutral or Average,Very Dissatisfied,Very Dissatisfied,Satisfied
Neutral or Average,Satisfied,Neutral or Average,Very Dissatisfied,Neutral or Average
Dissatisfied,Very Dissatisfied,Neutral or Average,Dissatisfied,Satisfied
Satisfied,Very Dissatisfied,Satisfied,Satisfied,Very Satisfied
Neutral or Average,Neutral or Average,Satisfied,Very Dissatisfied,Very Satisfied
Satisfied,Satisfied,Very Dissatisfied,Dissatisfied,Neutral or Average
Dissatisfied,Dissatisfied,Very Satisfied,Neutral or Average,Neutral or Average
Very Satisfied,Dissatisfied,Very Satisfied,Neutral or Average,Neutral or Average
Neutral or Average,Dissatisfied,Very Satisfied,Dissatisfied,Neutral or Average
Neutral or Average,Neutral or Average,Very Dissatisfied,Very Satisfied,Very Satisfied
Neutral or Average,Neutral or Average,Very Satisfied,Satisfied,Satisfied
Dissatisfied,Very Satisfied,Very Satisfied,Neutral or Average,Dissatisfied
Very Dissatisfied,Satisfied,Neutral or Average,Very Satisfied,Very Satisfied
Neutral or Average,Satisfied,Dissatisfied,Neutral or Average,Very Satisfied
Very Satisfied,Dissatisfied,Dissatisfied,Neutral or Average,Very Satisfied
Satisfied,Satisfied,Neutral or Average,Very Satisfied,Dissatisfied
Dissatisfied,Neutral or Average,Neutral or Average,Satisfied,Neutral or Average
Dissatisfied,Satisfied,Dissatisfied,Neutral or Average,Satisfied
Dissatisfied,Neutral or Average,Neutral or Average,Neutral or Average,Dissatisfied
Satisfied,Very Satisfied,Dissatisfied,Satisfied,Very Dissatisfied
Neutral or Average,Neutral or Average,Very Satisfied,Neutral or Average,Dissatisfied
Satisfied,Neutral or Average,Very Satisfied,Satisfied,Satisfied
Neutral or Average,Dissatisfied,Very Satisfied,Satisfied,Dissatisfied
Neutral or Average,Satisfied,Neutral or Average,Dissatisfied,Neutral or Average
Satisfied,Neutral or Average,Neutral or Average,Neutral or Average,Very Satisfied
Very Satisfied,Neutral or Average,Neutral or Average,Neutral or Average,Neutral or Average
Neutral or Average,Neutral or Average,Very Satisfied,Neutral or Average,Satisfied
Very Dissatisfied,Satisfied,Dissatisfied,Very Satisfied,Very Satisfied
Satisfied,Satisfied,Very Satisfied,Neutral or Average,Very Satisfied
Very Satisfied,Satisfied,Neutral or Average,Very Satisfied,Very Satisfied
Neutral or Average,Satisfied,Neutral or Average,Very Dissatisfied,Dissatisfied
Neutral or Average,Satisfied,Very Satisfied,Neutral or Average,Satisfied
Neutral or Average,Neutral or Average,Very Satisfied,Dissatisfied,Dissatisfied
Satisfied,Neutral or Average,Neutral or Average,Dissatisfied,Satisfied
Neutral or Average,Very Satisfied,Very Satisfied,Neutral or Average,Neutral or Average
Neutral or Average,Dissatisfied,Neutral or Average,Neutral or Average,Satisfied
Dissatisfied,Very Satisfied,Neutral or Average,Very Satisfied,Neutral or Average
Very Satisfied,Dissatisfied,Dissatisfied,Dissatisfied,Very Satisfied
Very Satisfied,Very Satisfied,Neutral or Average,Satisfied,Neutral or Average
Dissatisfied,Satisfied,Satisfied,Very Satisfied,Satisfied
Very Dissatisfied,Very Dissatisfied,Neutral or Average,Neutral or Average,Satisfied
Satisfied,Dissatisfied,Very Satisfied,Very Satisfied,Dissatisfied
Very Dissatisfied,Very Satisfied,Very Satisfied,Very Dissatisfied,Satisfied
Neutral or Average,Satisfied,Very Dissatisfied,Very Satisfied,Very Satisfied
Satisfied,Very Dissatisfied,Very Satisfied,Dissatisfied,Satisfied
Neutral or Average,Neutral or Average,Dissatisfied,Very Satisfied,Dissatisfied
Very Dissatisfied,Dissatisfied,Neutral or Average,Satisfied,Very Satisfied
Neutral or Average,Dissatisfied,Dissatisfied,Dissatisfied,Satisfied
Very Dissatisfied,Satisfied,Dissatisfied,Neutral or Average,Satisfied
Neutral or Average,Neutral or Average,Neutral or Average,Very Satisfied,Neutral or Average
Satisfied,Neutral or Average,Dissatisfied,Neutral or Average,Neutral or Average
Very Satisfied,Dissatisfied,Neutral or Average,Very Satisfied,Very Dissatisfied
Very Dissatisfied,Neutral or Average,Satisfied,Dissatisfied,Satisfied
Neutral or Average,Dissatisfied,Dissatisfied,Satisfied,Satisfied
Dissatisfied,Neutral or Average,Dissatisfied,Very Satisfied,Very Dissatisfied
Very Satisfied,Satisfied,Neutral or Average,Very Satisfied,Satisfied
Satisfied,Very Satisfied,Satisfied,Neutral or Average,Satisfied
Neutral or Average,Satisfied,Satisfied,Satisfied,Satisfied
Very Dissatisfied,Neutral or Average,Satisfied,Satisfied,Neutral or Average
Satisfied,Very Satisfied,Satisfied,Very Satisfied,Very Satisfied
Very Satisfied,Very Satisfied,Very Dissatisfied,Very Dissatisfied,Very Satisfied
Neutral or Average,Very Satisfied,Satisfied,Very Dissatisfied,Very Satisfied
Satisfied,Neutral or Average,Neutral or Average,Satisfied,Very Satisfied
Dissatisfied,Very Satisfied,Satisfied,Satisfied,Very Dissatisfied
Satisfied,Neutral or Average,Satisfied,Satisfied,Neutral or Average
Very Satisfied,Satisfied,Satisfied,Very Satisfied,Satisfied
Very Satisfied,Neutral or Average,Satisfied,Very Satisfied,Very Satisfied
Very Satisfied,Dissatisfied,Very Dissatisfied,Satisfied,Very Satisfied
Dissatisfied,Very Dissatisfied,Dissatisfied,Satisfied,Very Satisfied
Dissatisfied,Satisfied,Very Satisfied,Neutral or Average,Dissatisfied
Dissatisfied,Neutral or Average,Neutral or Average,Satisfied,Neutral or Average
Neutral or Average,Dissatisfied,Satisfied,Satisfied,Very Satisfied
Neutral or Average,Satisfied,Very Dissatisfied,Very Satisfied,Very Satisfied
Very Satisfied,Satisfied,Very Satisfied,Satisfied,Dissatisfied
Dissatisfied,Very Satisfied,Very Dissatisfied,Very Satisfied,Dissatisfied
Satisfied,Satisfied,Satisfied,Satisfied,Neutral or Average
Very Dissatisfied,Neutral or Average,Neutral or Average,Very Dissatisfied,Dissatisfied
Very Satisfied,Neutral or Average,Very Dissatisfied,Satisfied,Dissatisfied
Dissatisfied,Dissatisfied,Very Satisfied,Neutral or Average,Neutral or Average
Neutral or Average,Neutral or Average,Neutral or Average,Dissatisfied,Neutral or Average
Dissatisfied,Neutral or Average,Satisfied,Very Dissatisfied,Very Dissatisfied
Dissatisfied,Dissatisfied,Satisfied,Neutral or Average,Satisfied
Very Dissatisfied,Satisfied,Satisfied,Dissatisfied,Satisfied
Dissatisfied,Satisfied,Very Dissatisfied,Dissatisfied,Very Dissatisfied
Satisfied,Dissatisfied,Dissatisfied,Neutral or Average,Very Satisfied
Very Satisfied,Neutral or Average,Satisfied,Dissatisfied,Very Satisfied
Satisfied,Neutral or Average,Very Satisfied,Neutral or Average,Very Dissatisfied
Very Satisfied,Very Satisfied,Neutral or Average,Dissatisfied,Dissatisfied
Neutral or Average,Neutral or Average,Neutral or Average,Neutral or Average,Very Dissatisfied
Neutral or Average,Satisfied,Very Satisfied,Very Satisfied,Neutral or Average
Satisfied,Dissatisfied,Neutral or Average,Very Satisfied,Dissatisfied
Neutral or Average,Dissatisfied,Satisfied,Satisfied,Neutral or Average
Dissatisfied,Neutral or Average,Dissatisfied,Dissatisfied,Satisfied
Satisfied,Satisfied,Very Satisfied,Satisfied,Satisfied
Neutral or Average,Satisfied,Very Satisfied,Neutral or Average,Satisfied
Very Dissatisfied,Very Dissatisfied,Satisfied,Dissatisfied,Neutral or Average
Neutral or Average,Dissatisfied,Dissatisfied,Dissatisfied,Very Dissatisfied
Dissatisfied,Neutral or Average,Satisfied,Very Satisfied,Very Satisfied
Very Satisfied,Very Satisfied,Dissatisfied,Satisfied,Dissatisfied
Very Satisfied,Neutral or Average,Satisfied,Satisfied,Dissatisfied
Neutral or Average,Satisfied,Satisfied,Very Dissatisfied,Very Dissatisfied
Neutral or Average,Satisfied,Very Satisfied,Very Satisfied,Very Satisfied
Neutral or Average,Very Satisfied,Dissatisfied,Neutral or Average,Dissatisfied
Neutral or Average,Neutral or Average,Satisfied,Neutral or Average,Dissatisfied
Very Satisfied,Satisfied,Satisfied,Satisfied,Very Dissatisfied
Satisfied,Neutral or Average,Very Satisfied,Neutral or Average,Neutral or Average
Dissatisfied,Neutral or Average,Dissatisfied,Neutral or Average,Satisfied
Satisfied,Satisfied,Dissatisfied,Neutral or Average,Neutral or Average
Neutral or Average,Very Satisfied,Dissatisfied,Neutral or Average,Very Dissatisfied
Satisfied,Satisfied,Very Dissatisfied,Neutral or Average,Very Dissatisfied
Neutral or Average,Neutral or Average,Very Satisfied,Satisfied,Dissatisfied
Very Dissatisfied,Dissatisfied,Very Dissatisfied,Satisfied,Satisfied
Very Dissatisfied,Dissatisfied,Neutral or Average,Satisfied,Very Satisfied
Very Satisfied,Neutral or Average,Very Satisfied,Neutral or Average,Very Dissatisfied
Satisfied,Satisfied,Very Satisfied,Neutral or Average,Satisfied
Neutral or Average,Neutral or Average,Neutral or Average,Satisfied,Neutral or Average
Neutral or Average,Very Satisfied,Dissatisfied,Dissatisfied,Very Satisfied
Very Satisfied,Very Dissatisfied,Satisfied,Satisfied,Neutral or Average
Satisfied,Very Satisfied,Very Satisfied,Dissatisfied,Dissatisfied
Satisfied,Very Dissatisfied,Very Satisfied,Dissatisfied,Very Dissatisfied
Satisfied,Satisfied,Very Satisfied,Very Dissatisfied,Very Satisfied
Dissatisfied,Neutral or Average,Satisfied,Dissatisfied,Very Satisfied
Very Satisfied,Dissatisfied,Neutral or Average,Very Satisfied,Satisfied
Dissatisfied,Satisfied,Neutral or Average,Very Satisfied,Very Satisfied
Very Dissatisfied,Satisfied,Satisfied,Very Dissatisfied,Very Dissatisfied
Neutral or Average,Satisfied,Dissatisfied,Neutral or Average,Satisfied
Satisfied,Very Satisfied,Very Satisfied,Neutral or Average,Neutral or Average
Satisfied,Very Dissatisfied,Neutral or Average,Dissatisfied,Neutral or Average
Very Satisfied,Satisfied,Very Satisfied,Very Satisfied,Satisfied
Neutral or Average,Satisfied,Satisfied,Satisfied,Neutral or Average
Very Satisfied,Very Satisfied,Dissatisfied,Dissatisfied,Very Dissatisfied
Very Dissatisfied,Neutral or Average,Very Satisfied,Dissatisfied,Dissatisfied
Dissatisfied,Neutral or Average,Very Dissatisfied,Very Satisfied,Satisfied
Satisfied,Dissatisfied,Satisfied,Neutral or Average,Very Satisfied
Satisfied,Satisfied,Satisfied,Dissatisfied,Very Satisfied
Very Satisfied,Neutral or Average,Very Dissatisfied,Satisfied,Neutral or Average
Dissatisfied,Neutral or Average,Dissatisfied,Dissatisfied,Neutral or Average
Dissatisfied,Neutral or Average,Very Satisfied,Neutral or Average,Neutral or Average
Very Dissatisfied,Neutral or Average,Very Dissatisfied,Neutral or Average,Very Satisfied
Dissatisfied,Very Satisfied,Very Satisfied,Very Satisfied,Very Satisfied
Satisfied,Neutral or Average,Neutral or Average,Neutral or Average,Neutral or Average
Neutral or Average,Satisfied,Very Dissatisfied,Satisfied,Satisfied
Neutral or Average,Satisfied,Dissatisfied,Satisfied,Very Satisfied
Satisfied,Satisfied,Satisfied,Neutral or Average,Neutral or Average
Satisfied,Neutral or Average,Satisfied,Satisfied,Dissatisfied
Satisfied,Very Satisfied,Dissatisfied,Very Dissatisfied,Neutral or Average
Satisfied,Dissatisfied,Dissatisfied,Neutral or Average,Neutral or Average
Satisfied,Very Satisfied,Very Satisfied,Very Satisfied,Dissatisfied
Neutral or Average,Neutral or Average,Neutral or Average,Very Satisfied,Satisfied
Satisfied,Satisfied,Satisfied,Satisfied,Very Satisfied
Satisfied,Dissatisfied,Dissatisfied,Dissatisfied,Satisfied
Dissatisfied,Very Dissatisfied,Neutral or Average,Neutral or Average,Dissatisfied
Neutral or Average,Satisfied,Satisfied,Very Dissatisfied,Very Dissatisfied
Neutral or Average,Satisfied,Neutral or Average,Dissatisfied,Satisfied
Very Dissatisfied,Very Satisfied,Satisfied,Very Satisfied,Neutral or Average
Dissatisfied,Neutral or Average,Satisfied,Neutral or Average,Very Satisfied
Satisfied,Satisfied,Satisfied,Neutral or Average,Neutral or Average
Neutral or Average,Satisfied,Satisfied,Satisfied,Satisfied
Satisfied,Very Satisfied,Neutral or Average,Neutral or Average,Satisfied
Neutral or Average,Neutral or Average,Very Satisfied,Very Satisfied,Very Satisfied
Very Dissatisfied,Neutral or Average,Very Satisfied,Very Dissatisfied,Neutral or Average
Satisfied,Neutral or Average,Dissatisfied,Neutral or Average,Very Dissatisfied
Very Satisfied,Very Satisfied,Dissatisfied,Satisfied,Very Satisfied
Dissatisfied,Very Dissatisfied,Dissatisfied,Satisfied,Neutral or Average
Neutral or Average,Satisfied,Neutral or Average,Neutral or Average,Neutral or Average
Dissatisfied,Very Satisfied,Satisfied,Satisfied,Satisfied
Very Satisfied,Satisfied,Satisfied,Very Satisfied,Dissatisfied
Satisfied,Very Dissatisfied,Neutral or Average,Neutral or Average,Satisfied
Very Dissatisfied,Neutral or Average,Dissatisfied,Very Satisfied,Satisfied
Neutral or Average,Very Satisfied,Neutral or Average,Very Satisfied,Very Satisfied
Neutral or Average,Neutral or Average,Satisfied,Neutral or Average,Satisfied
Neutral or Average,Very Satisfied,Neutral or Average,Dissatisfied,Very Dissatisfied
Very Dissatisfied,Very Satisfied,Satisfied,Very Satisfied,Neutral or Average
Very Satisfied,Neutral or Average,Satisfied,Neutral or Average,Satisfied
Dissatisfied,Very Satisfied,Very Dissatisfied,Very Dissatisfied,Satisfied
Very Satisfied,Neutral or Average,Dissatisfied,Satisfied,Neutral or Average
Neutral or Average,Dissatisfied,Dissatisfied,Neutral or Average,Neutral or Average
Dissatisfied,Very Satisfied,Satisfied,Neutral or Average,Dissatisfied
Very Dissatisfied,Very Satisfied,Dissatisfied,Very Satisfied,Very Satisfied
Satisfied,Satisfied,Dissatisfied,Neutral or Average,Very Satisfied
Satisfied,Neutral or Average,Satisfied,Neutral or Average,Neutral or Average
Neutral or Average,Very Dissatisfied,Very Satisfied,Neutral or Average,Dissatisfied
Very Satisfied,Satisfied,Neutral or Average,Neutral or Average,Satisfied
Very Satisfied,Neutral or Average,Very Dissatisfied,Satisfied,Very Satisfied
Neutral or Average,Satisfied,Dissatisfied,Neutral or Average,Very Satisfied
Dissatisfied,Satisfied,Neutral or Average,Neutral or Average,Very Dissatisfied
Very Satisfied,Dissatisfied,Very Dissatisfied,Very Satisfied,Neutral or Average
Neutral or Average,Neutral or Average,Neutral or Average,Dissatisfied,Very Dissatisfied
Neutral or Average,Neutral or Average,Satisfied,Satisfied,Very Satisfied
Satisfied,Very Dissatisfied,Very Dissatisfied,Dissatisfied,Very Satisfied
Very Satisfied,Very Satisfied,Very Satisfied,Neutral or Average,Very Satisfied
Neutral or Average,Very Satisfied,Very Satisfied,Very Satisfied,Neutral or Average
Neutral or Average,Very Satisfied,Satisfied,Neutral or Average,Neutral or Average
Satisfied,Very Satisfied,Neutral or Average,Very Dissatisfied,Dissatisfied
Dissatisfied,Very Satisfied,Neutral or Average,Neutral or Average,Satisfied
Dissatisfied,Satisfied,Neutral or Average,Neutral or Average,Neutral or Average
Dissatisfied,Very Satisfied,Neutral or Average,Satisfied,Dissatisfied
Dissatisfied,Neutral or Average,Very Dissatisfied,Dissatisfied,Neutral or Average
Very Dissatisfied,Satisfied,Neutral or Average,Satisfied,Very Satisfied
Satisfied,Satisfied,Neutral or Average,Dissatisfied,Neutral or Average
Dissatisfied,Very Dissatisfied,Satisfied,Satisfied,Satisfied
Dissatisfied,Satisfied,Neutral or Average,Very Satisfied,Dissatisfied
Very Dissatisfied,Dissatisfied,Very Dissatisfied,Satisfied,Dissatisfied
Satisfied,Dissatisfied,Very Satisfied,Very Dissatisfied,Neutral or Average
Dissatisfied,Very Satisfied,Satisfied,Dissatisfied,Dissatisfied
Satisfied,Dissatisfied,Neutral or Average,Neutral or Average,Dissatisfied
Satisfied,Satisfied,Very Satisfied,Neutral or Average,Neutral or Average
Satisfied,Satisfied,Neutral or Average,Very Dissatisfied,Neutral or Average
Very Satisfied,Satisfied,Very Satisfied,Very Dissatisfied,Very Satisfied
Satisfied,Satisfied,Very Satisfied,Dissatisfied,Neutral or Average
Neutral or Average,Dissatisfied,Very Satisfied,Satisfied,Neutral or Average
Neutral or Average,Satisfied,Very Satisfied,Satisfied,Dissatisfied
Neutral or Average,Neutral or Average,Neutral or Average,Dissatisfied,Satisfied
Dissatisfied,Satisfied,Satisfied,Neutral or Average,Dissatisfied
Neutral or Average,Dissatisfied,Very Satisfied,Dissatisfied,Neutral or Average
Satisfied,Very Satisfied,Very Satisfied,Satisfied,Neutral or Average
Neutral or Average,Satisfied,Very Satisfied,Satisfied,Dissatisfied
Very Dissatisfied,Very Satisfied,Dissatisfied,Satisfied,Very Satisfied
Very Satisfied,Very Satisfied,Satisfied,Dissatisfied,Very Satisfied
Satisfied,Very Satisfied,Dissatisfied,Very Satisfied,Neutral or Average
Dissatisfied,Satisfied,Dissatisfied,Satisfied,Neutral or Average
Very Satisfied,Satisfied,Satisfied,Satisfied,Dissatisfied
Neutral or Average,Satisfied,Satisfied,Satisfied,Neutral or Average
Satisfied,Satisfied,Dissatisfied,Satisfied,Satisfied
Very Satisfied,Very Dissatisfied,Very Dissatisfied,Neutral or Average,Dissatisfied
Neutral or Average,Satisfied,Satisfied,Very Dissatisfied,Satisfied
Neutral or Average,Dissatisfied,Dissatisfied,Very Satisfied,Satisfied
Dissatisfied,Dissatisfied,Neutral or Average,Dissatisfied,Dissatisfied
Satisfied,Very Dissatisfied,Satisfied,Very Dissatisfied,Satisfied
Very Satisfied,Very Satisfied,Very Satisfied,Very Satisfied,Neutral or Average
Neutral or Average,Very Satisfied,Dissatisfied,Satisfied,Neutral or Average
Dissatisfied,Neutral or Average,Satisfied,Neutral or Average,Very Satisfied
Dissatisfied,Neutral or Average,Very Dissatisfied,Very Satisfied,Very Dissatisfied
Satisfied,Satisfied,Satisfied,Very Satisfied,Neutral or Average
Satisfied,Satisfied,Dissatisfied,Very Satisfied,Satisfied
Neutral or Average,Neutral or Average,Dissatisfied,Neutral or Average,Neutral or Average
Very Satisfied,Neutral or Average,Very Dissatisfied,Very Satisfied,Satisfied
Satisfied,Dissatisfied,Satisfied,Dissatisfied,Neutral or Average
Satisfied,Neutral or Average,Neutral or Average,Very Satisfied,Satisfied
Neutral or Average,Dissatisfied,Very Satisfied,Satisfied,Satisfied
Satisfied,Neutral or Average,Very Satisfied,Satisfied,Dissatisfied
Dissatisfied,Satisfied,Neutral or Average,Dissatisfied,Satisfied
Satisfied,Dissatisfied,Very Satisfied,Neutral or Average,Neutral or Average
Dissatisfied,Dissatisfied,Neutral or Average,Satisfied,Dissatisfied
Neutral or Average,Neutral or Average,Neutral or Average,Neutral or Average,Dissatisfied
Satisfied,Very Satisfied,Very Satisfied,Very Satisfied,Satisfied
Very Dissatisfied,Very Satisfied,Dissatisfied,Neutral or Average,Satisfied
Satisfied,Satisfied,Very Dissatisfied,Satisfied,Neutral or Average
Neutral or Average,Neutral or Average,Neutral or Average,Satisfied,Neutral or Average
Very Satisfied,Neutral or Average,Neutral or Average,Very Satisfied,Satisfied
Satisfied,Satisfied,Neutral or Average,Very Dissatisfied,Very Dissatisfied
Neutral or Average,Satisfied,Satisfied,Neutral or Average,Dissatisfied
Neutral or Average,Very Satisfied,Very Satisfied,Dissatisfied,Dissatisfied
Very Satisfied,Neutral or Average,Neutral or Average,Neutral or Average,Neutral or Average
Satisfied,Dissatisfied,Dissatisfied,Very Satisfied,Neutral or Average
Neutral or Average,Very Satisfied,Dissatisfied,Very Satisfied,Neutral or Average
Very Satisfied,Satisfied,Very Satisfied,Neutral or Average,Neutral or Average
Very Satisfied,Dissatisfied,Dissatisfied,Very Satisfied,Neutral or Average
Neutral or Average,Neutral or Average,Neutral or Average,Satisfied,Dissatisfied
Neutral or Average,Dissatisfied,Dissatisfied,Very Satisfied,Neutral or Average
Satisfied,Dissatisfied,Very Dissatisfied,Neutral or Average,Neutral or Average
Neutral or Average,Very Satisfied,Very Satisfied,Neutral or Average,Neutral or Average
Neutral or Average,Neutral or Average,Neutral or Average,Satisfied,Very Dissatisfied
Very Dissatisfied,Dissatisfied,Dissatisfied,Neutral or Average,Satisfied
Dissatisfied,Neutral or Average,Satisfied,Very Satisfied,Very Satisfied
Dissatisfied,Neutral or Average,Satisfied,Neutral or Average,Very Dissatisfied
Very Satisfied,Satisfied,Satisfied,Satisfied,Very Satisfied
Neutral or Average,Very Satisfied,Dissatisfied,Neutral or Average,Neutral or Average
Very Dissatisfied,Satisfied,Neutral or Average,Satisfied,Dissatisfied
Very Satisfied,Dissatisfied,Satisfied,Satisfied,Very Dissatisfied
Satisfied,Dissatisfied,Satisfied,Dissatisfied,Neutral or Average
Very Dissatisfied,Satisfied,Very Satisfied,Dissatisfied,Satisfied
Neutral or Average,Dissatisfied,Neutral or Average,Neutral or Average,Satisfied
Neutral or Average,Neutral or Average,Satisfied,Satisfied,Satisfied
Neutral or Average,Dissatisfied,Neutral or Average,Satisfied,Satisfied
Dissatisfied,Very Satisfied,Satisfied,Very Satisfied,Satisfied
Dissatisfied,Neutral or Average,Very Satisfied,Very Satisfied,Very Satisfied
Dissatisfied,Neutral or Average,Very Satisfied,Satisfied,Very Dissatisfied
Very Satisfied,Very Satisfied,Very Satisfied,Very Satisfied,Satisfied
Neutral or Average,Very Satisfied,Satisfied,Neutral or Average,Very Satisfied
Neutral or Average,Satisfied,Dissatisfied,Very Satisfied,Dissatisfied
Very Satisfied,Satisfied,Satisfied,Very Satisfied,Neutral or Average
Very Dissatisfied,Neutral or Average,Very Satisfied,Very Satisfied,Very Satisfied
Neutral or Average,Satisfied,Satisfied,Neutral or Average,Satisfied
Neutral or Average,Very Satisfied,Neutral or Average,Very Satisfied,Satisfied
Neutral or Average,Satisfied,Very Satisfied,Very Satisfied,Dissatisfied
Dissatisfied,Satisfied,Satisfied,Very Satisfied,Satisfied
Dissatisfied,Neutral or Average,Neutral or Average,Very Satisfied,Neutral or Average
Dissatisfied,Satisfied,Dissatisfied,Neutral or Average,Dissatisfied
Dissatisfied,Very Dissatisfied,Neutral or Average,Dissatisfied,Neutral or Average
Satisfied,Satisfied,Satisfied,Very Satisfied,Very Satisfied
Satisfied,Dissatisfied,Satisfied,Neutral or Average,Neutral or Average
Satisfied,Satisfied,Neutral or Average,Satisfied,Neutral or Average
Satisfied,Neutral or Average,Neutral or Average,Satisfied,Very Dissatisfied
Neutral or Average,Very Satisfied,Neutral or Average,Very Satisfied,Satisfied
Neutral or Average,Neutral or Average,Dissatisfied,Dissatisfied,Neutral or Average
Neutral or Average,Satisfied,Neutral or Average,Dissatisfied,Neutral or Average
Satisfied,Neutral or Average,Dissatisfied,Dissatisfied,Dissatisfied
Satisfied,Satisfied,Neutral or Average,Dissatisfied,Neutral or Average
Satisfied,Very Satisfied,Neutral or Average,Satisfied,Very Dissatisfied
Neutral or Average,Very Satisfied,Satisfied,Dissatisfied,Satisfied
Neutral or Average,Very Satisfied,Neutral or Average,Dissatisfied,Very Satisfied
Neutral or Average,Neutral or Average,Neutral or Average,Satisfied,Very Dissatisfied
Very Satisfied,Neutral or Average,Satisfied,Very Satisfied,Very Satisfied
Dissatisfied,Satisfied,Very Dissatisfied,Dissatisfied,Satisfied
Neutral or Average,Satisfied,Satisfied,Very Satisfied,Neutral or Average
Neutral or Average,Neutral or Average,Dissatisfied,Very Dissatisfied,Neutral or Average
Dissatisfied,Satisfied,Satisfied,Very Satisfied,Dissatisfied
Dissatisfied,Dissatisfied,Very Satisfied,Neutral or Average,Satisfied
Neutral or Average,Dissatisfied,Very Satisfied,Satisfied,Neutral or Average
Neutral or Average,Neutral or Average,Very Satisfied,Neutral or Average,Dissatisfied
Dissatisfied,Dissatisfied,Satisfied,Neutral or Average,Neutral or Average
Satisfied,Neutral or Average,Satisfied,Very Satisfied,Neutral or Average
Satisfied,Dissatisfied,Neutral or Average,Dissatisfied,Satisfied
Dissatisfied,Satisfied,Satisfied,Satisfied,Dissatisfied
Very Satisfied,Dissatisfied,Neutral or Average,Satisfied,Neutral or Average
Satisfied,Neutral or Average,Very Satisfied,Satisfied,Satisfied
Neutral or Average,Satisfied,Satisfied,Very Satisfied,Very Satisfied
Satisfied,Very Satisfied,Satisfied,Satisfied,Very Satisfied
Neutral or Average,Neutral or Average,Satisfied,Neutral or Average,Neutral or Average
Neutral or Average,Very Dissatisfied,Dissatisfied,Satisfied,Dissatisfied
Neutral or Average,Very Satisfied,Satisfied,Very Satisfied,Satisfied
Neutral or Average,Dissatisfied,Dissatisfied,Satisfied,Satisfied
Dissatisfied,Very Satisfied,Neutral or Average,Neutral or Average,Satisfied
Satisfied,Neutral or Average,Very Satisfied,Satisfied,Satisfied
Satisfied,Neutral or Average,Very Satisfied,Neutral or Average,Very Satisfied
Satisfied,Dissatisfied,Satisfied,Neutral or Average,Neutral or Average
Dissatisfied,Neutral or Average,Very Satisfied,Neutral or Average,Very Satisfied
Satisfied,Neutral or Average,Neutral or Average,Neutral or Average,Very Satisfied
Neutral or Average,Satisfied,Neutral or Average,Satisfied,Satisfied
Satisfied,Satisfied,Dissatisfied,Neutral or Average,Very Satisfied
Neutral or Average,Satisfied,Dissatisfied,Dissatisfied,Very Dissatisfied
Very Satisfied,Dissatisfied,Neutral or Average,Satisfied,Neutral or Average
Neutral or Average,Very Dissatisfied,Satisfied,Satisfied,Satisfied
Neutral or Average,Very Satisfied,Very Satisfied,Very Satisfied,Satisfied
Satisfied,Neutral or Average,Neutral or Average,Very Dissatisfied,Satisfied
Neutral or Average,Dissatisfied,Neutral or Average,Very Satisfied,Satisfied
Very Satisfied,Very Satisfied,Very Satisfied,Satisfied,Very Satisfied
Dissatisfied,Very Satisfied,Very Satisfied,Very Satisfied,Neutral or Average
Dissatisfied,Dissatisfied,Dissatisfied,Very Dissatisfied,Neutral or Average
Satisfied,Very Satisfied,Neutral or Average,Very Satisfied,Dissatisfied
Satisfied,Satisfied,Dissatisfied,Neutral or Average,Dissatisfied
Very Satisfied,Neutral or Average,Very Satisfied,Neutral or Average,Neutral or Average
Very Satisfied,Neutral or Average,Very Dissatisfied,Neutral or Average,Neutral or Average
Neutral or Average,Dissatisfied,Very Satisfied,Satisfied,Satisfied
Very Satisfied,Neutral or Average,Dissatisfied,Neutral or Average,Satisfied
Dissatisfied,Satisfied,Neutral or Average,Neutral or Average,Very Satisfied
Dissatisfied,Very Satisfied,Satisfied,Satisfied,Very Satisfied
Neutral or Average,Satisfied,Neutral or Average,Very Satisfied,Satisfied
Very Dissatisfied,Dissatisfied,Neutral or Average,Neutral or Average,Dissatisfied
Satisfied,Very Satisfied,Satisfied,Very Satisfied,Neutral or Average
Neutral or Average,Satisfied,Very Satisfied,Dissatisfied,Dissatisfied
Satisfied,Satisfied,Neutral or Average,Neutral or Average,Neutral or Average
Dissatisfied,Dissatisfied,Neutral or Average,Neutral or Average,Dissatisfied
Neutral or Average,Neutral or Average,Very Dissatisfied,Satisfied,Very Dissatisfied
Satisfied,Satisfied,Very Satisfied,Dissatisfied,Satisfied
Satisfied,Very Dissatisfied,Neutral or Average,Neutral or Average,Very Satisfied
Satisfied,Neutral or Average,Neutral or Average,Satisfied,Satisfied
Neutral or Average,Neutral or Average,Neutral or Average,Satisfied,Satisfied
Neutral or Average,Neutral or Average,Neutral or Average,Dissatisfied,Very Satisfied
Very Satisfied,Neutral or Average,Very Satisfied,Dissatisfied,Very Dissatisfied
Neutral or Average,Very Satisfied,Neutral or Average,Very Satisfied,Neutral or Average
Neutral or Average,Dissatisfied,Dissatisfied,Neutral or Average,Very Dissatisfied
Neutral or Average,Very Satisfied,Satisfied,Very Satisfied,Very Satisfied
Dissatisfied,Satisfied,Neutral or Average,Dissatisfied,Dissatisfied
Very Satisfied,Neutral or Average,Satisfied,Very Dissatisfied,Neutral or Average
Satisfied,Neutral or Average,Very Dissatisfied,Neutral or Average,Neutral or Average
Dissatisfied,Very Satisfied,Satisfied,Dissatisfied,Neutral or Average
Very Satisfied,Satisfied,Very Satisfied,Satisfied,Very Dissatisfied
Neutral or Average,Satisfied,Neutral or Average,Satisfied,Dissatisfied
Neutral or Average,Satisfied,Neutral or Average,Very Dissatisfied,Dissatisfied
Dissatisfied,Very Dissatisfied,Dissatisfied,Satisfied,Satisfied
Neutral or Average,Very Dissatisfied,Very Satisfied,Dissatisfied,Satisfied
Satisfied,Very Satisfied,Neutral or Average,Very Satisfied,Neutral or Average
Dissatisfied,Neutral or Average,Neutral or Average,Very Dissatisfied,Satisfied
Neutral or Average,Satisfied,Very Satisfied,Neutral or Average,Very Satisfied
Dissatisfied,Satisfied,Satisfied,Satisfied,Satisfied
Very Satisfied,Satisfied,Very Satisfied,Satisfied,Neutral or Average
Satisfied,Neutral or Average,Neutral or Average,Dissatisfied,Satisfied
Neutral or Average,Satisfied,Very Satisfied,Satisfied,Dissatisfied
Very Dissatisfied,Dissatisfied,Neutral or Average,Very Satisfied,Satisfied
Satisfied,Neutral or Average,Dissatisfied,Very Dissatisfied,Dissatisfied
Satisfied,Dissatisfied,Dissatisfied,Very Satisfied,Very Satisfied
Satisfied,Very Dissatisfied,Very Satisfied,Neutral or Average,Dissatisfied
Satisfied,Very Satisfied,Satisfied,Neutral or Average,Very Dissatisfied
Dissatisfied,Dissatisfied,Very Satisfied,Satisfied,Neutral or Average
Very Dissatisfied,Neutral or Average,Satisfied,Neutral or Average,Satisfied
Very Satisfied,Satisfied,Satisfied,Satisfied,Satisfied
Satisfied,Satisfied,Neutral or Average,Very Dissatisfied,Dissatisfied
Neutral or Average,Satisfied,Dissatisfied,Very Dissatisfied,Satisfied
Neutral or Average,Neutral or Average,Neutral or Average,Satisfied,Very Satisfied
Very Dissatisfied,Neutral or Average,Dissatisfied,Satisfied,Very Satisfied
Satisfied,Neutral or Average,Very Dissatisfied,Dissatisfied,Neutral or Average
Neutral or Average,Dissatisfied,Dissatisfied,Neutral or Average,Dissatisfied
Neutral or Average,Neutral or Average,Neutral or Average,Very Satisfied,Very Satisfied
Neutral or Average,Dissatisfied,Neutral or Average,Very Satisfied,Satisfied
Dissatisfied,Very Satisfied,Very Dissatisfied,Neutral or Average,Dissatisfied
Neutral or Average,Dissatisfied,Satisfied,Neutral or Average,Satisfied
Dissatisfied,Satisfied,Very Dissatisfied,Neutral or Average,Very Dissatisfied
Dissatisfied,Neutral or Average,Satisfied,Dissatisfied,Very Satisfied
Dissatisfied,Satisfied,Dissatisfied,Neutral or Average,Satisfied
Neutral or Average,Satisfied,Satisfied,Neutral or Average,Satisfied
Very Satisfied,Dissatisfied,Satisfied,Neutral or Average,Satisfied
Neutral or Average,Very Satisfied,Very Satisfied,Very Satisfied,Neutral or Average
Satisfied,Neutral or Average,Neutral or Average,Very Satisfied,Neutral or Average
Neutral or Average,Very Satisfied,Dissatisfied,Very Satisfied,Satisfied
Very Dissatisfied,Dissatisfied,Neutral or Average,Neutral or Average,Satisfied
Satisfied,Dissatisfied,Dissatisfied,Satisfied,Very Dissatisfied
Dissatisfied,Very Satisfied,Neutral or Average,Satisfied,Satisfied
Satisfied,Very Satisfied,Satisfied,Very Satisfied,Dissatisfied
Very Satisfied,Dissatisfied,Very Satisfied,Very Satisfied,Satisfied
Very Dissatisfied,Neutral or Average,Satisfied,Neutral or Average,Neutral or Average
Satisfied,Very Satisfied,Very Satisfied,Dissatisfied,Satisfied
Neutral or Average,Neutral or Average,Neutral or Average,Very Satisfied,Very Satisfied
Very Satisfied,Very Satisfied,Satisfied,Neutral or Average,Dissatisfied
Satisfied,Dissatisfied,Satisfied,Very Satisfied,Very Dissatisfied
Satisfied,Dissatisfied,Very Satisfied,Satisfied,Satisfied
Dissatisfied,Very Dissatisfied,Very Dissatisfied,Very Satisfied,Dissatisfied
Neutral or Average,Satisfied,Very Dissatisfied,Satisfied,Dissatisfied
Very Satisfied,Very Dissatisfied,Neutral or Average,Very Dissatisfied,Dissatisfied
Satisfied,Satisfied,Neutral or Average,Dissatisfied,Very Dissatisfied
Very Satisfied,Very Satisfied,Neutral or Average,Very Dissatisfied,Dissatisfied
Neutral or Average,Very Dissatisfied,Satisfied,Dissatisfied,Neutral or Average
Neutral or Average,Very Dissatisfied,Very Dissatisfied,Neutral or Average,Neutral or Average
Very Satisfied,Dissatisfied,Neutral or Average,Very Satisfied,Neutral or Average
Satisfied,Satisfied,Dissatisfied,Satisfied,Dissatisfied
Neutral or Average,Very Satisfied,Neutral or Average,Satisfied,Very Satisfied
Satisfied,Dissatisfied,Dissatisfied,Neutral or Average,Very Dissatisfied
Neutral or Average,Dissatisfied,Dissatisfied,Dissatisfied,Satisfied
Very Satisfied,Satisfied,Dissatisfied,Neutral or Average,Dissatisfied
Dissatisfied,Satisfied,Very Satisfied,Neutral or Average,Very Dissatisfied
Neutral or Average,Neutral or Average,Very Satisfied,Dissatisfied,Dissatisfied
Dissatisfied,Neutral or Average,Satisfied,Dissatisfied,Very Satisfied
Satisfied,Neutral or Average,Satisfied,Dissatisfied,Dissatisfied
Satisfied,Very Dissatisfied,Satisfied,Neutral or Average,Dissatisfied
Satisfied,Very Satisfied,Dissatisfied,Satisfied,Neutral or Average
Neutral or Average,Neutral or Average,Very Satisfied,Dissatisfied,Neutral or Average
Very Satisfied,Neutral or Average,Dissatisfied,Dissatisfied,Satisfied
Very Satisfied,Satisfied,Satisfied,Dissatisfied,Neutral or Average
Satisfied,Neutral or Average,Satisfied,Dissatisfied,Neutral or Average
Very Dissatisfied,Neutral or Average,Dissatisfied,Neutral or Average,Neutral or Average
Very Dissatisfied,Dissatisfied,Neutral or Average,Neutral or Average,Very Satisfied
Satisfied,Very Dissatisfied,Dissatisfied,Neutral or Average,Satisfied
Dissatisfied,Dissatisfied,Very Satisfied,Neutral or Average,Satisfied
Satisfied,Satisfied,Neutral or Average,Neutral or Average,Satisfied
Very Satisfied,Neutral or Average,Dissatisfied,Neutral or Average,Dissatisfied
Dissatisfied,Dissatisfied,Neutral or Average,Satisfied,Satisfied
Satisfied,Neutral or Average,Very Satisfied,Satisfied,Very Dissatisfied
Neutral or Average,Neutral or Average,Dissatisfied,Neutral or Average,Dissatisfied
Satisfied,Very Satisfied,Very Dissatisfied,Very Dissatisfied,Very Dissatisfied
Very Satisfied,Very Satisfied,Dissatisfied,Satisfied,Very Satisfied
Dissatisfied,Neutral or Average,Satisfied,Dissatisfied,Very Satisfied
Dissatisfied,Neutral or Average,Satisfied,Very Satisfied,Dissatisfied
Dissatisfied,Very Dissatisfied,Neutral or Average,Satisfied,Very Satisfied
Satisfied,Satisfied,Neutral or Average,Dissatisfied,Neutral or Average
Satisfied,Dissatisfied,Very Satisfied,Neutral or Average,Satisfied
Neutral or Average,Neutral or Average,Satisfied,Neutral or Average,Very Dissatisfied
Very Satisfied,Neutral or Average,Neutral or Average,Neutral or Average,Neutral or Average
Very Dissatisfied,Very Satisfied,Very Satisfied,Neutral or Average,Dissatisfied
Neutral or Average,Satisfied,Satisfied,Very Satisfied,Satisfied
Dissatisfied,Very Dissatisfied,Satisfied,Dissatisfied,Satisfied
Satisfied,Neutral or Average,Very Satisfied,Neutral or Average,Dissatisfied
Dissatisfied,Very Dissatisfied,Satisfied,Very Satisfied,Very Dissatisfied
Dissatisfied,Satisfied,Neutral or Average,Satisfied,Neutral or Average
Satisfied,Dissatisfied,Neutral or Average,Very Dissatisfied,Very Satisfied
Very Satisfied,Dissatisfied,Satisfied,Satisfied,Dissatisfied
Neutral or Average,Satisfied,Satisfied,Very Satisfied,Satisfied
Satisfied,Neutral or Average,Satisfied,Very Satisfied,Neutral or Average
Satisfied,Neutral or Average,Satisfied,Very Satisfied,Very Dissatisfied
Very Satisfied,Very Satisfied,Satisfied,Satisfied,Very Dissatisfied
Very Satisfied,Dissatisfied,Neutral or Average,Very Dissatisfied,Very Dissatisfied
Satisfied,Very Satisfied,Satisfied,Neutral or Average,Very Satisfied
Neutral or Average,Neutral or Average,Satisfied,Satisfied,Dissatisfied
Neutral or Average,Satisfied,Satisfied,Satisfied,Satisfied
Very Satisfied,Neutral or Average,Very Satisfied,Dissatisfied,Very Satisfied
Dissatisfied,Very Dissatisfied,Neutral or Average,Very Satisfied,Neutral or Average
Very Satisfied,Neutral or Average,Very Satisfied,Satisfied,Neutral or Average
Neutral or Average,Dissatisfied,Neutral or Average,Neutral or Average,Neutral or Average
Dissatisfied,Neutral or Average,Neutral or Average,Very Satisfied,Satisfied
Neutral or Average,Dissatisfied,Dissatisfied,Dissatisfied,Very Dissatisfied
Neutral or Average,Very Satisfied,Neutral or Average,Very Satisfied,Satisfied
Dissatisfied,Very Dissatisfied,Neutral or Average,Neutral or Average,Very Satisfied
Dissatisfied,Satisfied,Dissatisfied,Very Satisfied,Dissatisfied
Dissatisfied,Satisfied,Dissatisfied,Satisfied,Dissatisfied
Dissatisfied,Satisfied,Neutral or Average,Dissatisfied,Satisfied
Neutral or Average,Dissatisfied,Very Satisfied,Neutral or Average,Dissatisfied
